<?xml version='1.0' encoding='utf-8'?>
<annotation verified="yes">
	<folder>Data</folder>
	<filename>1-1_aug1.jpg</filename>
	<path>/content/drive/MyDrive/deeplearning/Assignment/augmented_data/images/1-1_aug1.jpg</path>
	<source>
		<database>Unknown</database>
	</source>
	<size>
		<width>3120</width>
		<height>4160</height>
		<depth>3</depth>
	</size>
	<segmented>0</segmented>
	<object><name>flower</name><pose>Unspecified</pose><truncated>0</truncated><difficult>0</difficult><bndbox><xmin>1613</xmin><ymin>1799</ymin><xmax>1683</xmax><ymax>1878</ymax></bndbox></object><object><name>flower</name><pose>Unspecified</pose><truncated>0</truncated><difficult>0</difficult><bndbox><xmin>1690</xmin><ymin>286</ymin><xmax>1765</xmax><ymax>362</ymax></bndbox></object><object><name>flower</name><pose>Unspecified</pose><truncated>0</truncated><difficult>0</difficult><bndbox><xmin>1710</xmin><ymin>1335</ymin><xmax>1745</xmax><ymax>1371</ymax></bndbox></object><object><name>flower</name><pose>Unspecified</pose><truncated>0</truncated><difficult>0</difficult><bndbox><xmin>1710</xmin><ymin>1378</ymin><xmax>1758</xmax><ymax>1433</ymax></bndbox></object><object><name>flower</name><pose>Unspecified</pose><truncated>0</truncated><difficult>0</difficult><bndbox><xmin>1694</xmin><ymin>1398</ymin><xmax>1738</xmax><ymax>1452</ymax></bndbox></object><object><name>flower</name><pose>Unspecified</pose><truncated>0</truncated><difficult>0</difficult><bndbox><xmin>1710</xmin><ymin>846</ymin><xmax>1776</xmax><ymax>915</ymax></bndbox></object><object><name>flower</name><pose>Unspecified</pose><truncated>0</truncated><difficult>0</difficult><bndbox><xmin>1573</xmin><ymin>1876</ymin><xmax>1663</xmax><ymax>1978</ymax></bndbox></object><object><name>flower</name><pose>Unspecified</pose><truncated>0</truncated><difficult>0</difficult><bndbox><xmin>1558</xmin><ymin>1938</ymin><xmax>1627</xmax><ymax>2013</ymax></bndbox></object><object><name>flower</name><pose>Unspecified</pose><truncated>0</truncated><difficult>0</difficult><bndbox><xmin>1699</xmin><ymin>1809</ymin><xmax>1742</xmax><ymax>1860</ymax></bndbox></object><object><name>flower</name><pose>Unspecified</pose><truncated>0</truncated><difficult>0</difficult><bndbox><xmin>1549</xmin><ymin>2083</ymin><xmax>1620</xmax><ymax>2159</ymax></bndbox></object><object><name>flower</name><pose>Unspecified</pose><truncated>0</truncated><difficult>0</difficult><bndbox><xmin>1359</xmin><ymin>2088</ymin><xmax>1403</xmax><ymax>2138</ymax></bndbox></object><object><name>flower</name><pose>Unspecified</pose><truncated>0</truncated><difficult>0</difficult><bndbox><xmin>2387</xmin><ymin>1495</ymin><xmax>2420</xmax><ymax>1533</ymax></bndbox></object><object><name>flower</name><pose>Unspecified</pose><truncated>0</truncated><difficult>0</difficult><bndbox><xmin>1929</xmin><ymin>1636</ymin><xmax>1985</xmax><ymax>1692</ymax></bndbox></object><object><name>flower</name><pose>Unspecified</pose><truncated>0</truncated><difficult>0</difficult><bndbox><xmin>1512</xmin><ymin>2213</ymin><xmax>1598</xmax><ymax>2307</ymax></bndbox></object><object><name>flower</name><pose>Unspecified</pose><truncated>0</truncated><difficult>0</difficult><bndbox><xmin>1678</xmin><ymin>2401</ymin><xmax>1710</xmax><ymax>2441</ymax></bndbox></object><object><name>flower</name><pose>Unspecified</pose><truncated>0</truncated><difficult>0</difficult><bndbox><xmin>1457</xmin><ymin>2387</ymin><xmax>1519</xmax><ymax>2453</ymax></bndbox></object><object><name>flower</name><pose>Unspecified</pose><truncated>0</truncated><difficult>0</difficult><bndbox><xmin>1391</xmin><ymin>2370</ymin><xmax>1435</xmax><ymax>2419</ymax></bndbox></object><object><name>flower</name><pose>Unspecified</pose><truncated>0</truncated><difficult>0</difficult><bndbox><xmin>1301</xmin><ymin>2392</ymin><xmax>1365</xmax><ymax>2457</ymax></bndbox></object><object><name>flower</name><pose>Unspecified</pose><truncated>0</truncated><difficult>0</difficult><bndbox><xmin>1368</xmin><ymin>2441</ymin><xmax>1429</xmax><ymax>2502</ymax></bndbox></object><object><name>flower</name><pose>Unspecified</pose><truncated>0</truncated><difficult>0</difficult><bndbox><xmin>1218</xmin><ymin>2245</ymin><xmax>1260</xmax><ymax>2285</ymax></bndbox></object><object><name>flower</name><pose>Unspecified</pose><truncated>0</truncated><difficult>0</difficult><bndbox><xmin>1172</xmin><ymin>2277</ymin><xmax>1211</xmax><ymax>2323</ymax></bndbox></object><object><name>flower</name><pose>Unspecified</pose><truncated>0</truncated><difficult>0</difficult><bndbox><xmin>1215</xmin><ymin>2294</ymin><xmax>1261</xmax><ymax>2339</ymax></bndbox></object><object><name>flower</name><pose>Unspecified</pose><truncated>0</truncated><difficult>0</difficult><bndbox><xmin>1639</xmin><ymin>930</ymin><xmax>1674</xmax><ymax>971</ymax></bndbox></object><object><name>flower</name><pose>Unspecified</pose><truncated>0</truncated><difficult>0</difficult><bndbox><xmin>1713</xmin><ymin>490</ymin><xmax>1774</xmax><ymax>558</ymax></bndbox></object><object><name>flower</name><pose>Unspecified</pose><truncated>0</truncated><difficult>0</difficult><bndbox><xmin>1915</xmin><ymin>499</ymin><xmax>1944</xmax><ymax>531</ymax></bndbox></object><object><name>flower</name><pose>Unspecified</pose><truncated>0</truncated><difficult>0</difficult><bndbox><xmin>1585</xmin><ymin>489</ymin><xmax>1624</xmax><ymax>534</ymax></bndbox></object><object><name>flower</name><pose>Unspecified</pose><truncated>0</truncated><difficult>0</difficult><bndbox><xmin>1862</xmin><ymin>727</ymin><xmax>1902</xmax><ymax>770</ymax></bndbox></object><object><name>flower</name><pose>Unspecified</pose><truncated>0</truncated><difficult>0</difficult><bndbox><xmin>1722</xmin><ymin>724</ymin><xmax>1751</xmax><ymax>761</ymax></bndbox></object><object><name>flower</name><pose>Unspecified</pose><truncated>0</truncated><difficult>0</difficult><bndbox><xmin>1706</xmin><ymin>764</ymin><xmax>1773</xmax><ymax>823</ymax></bndbox></object><object><name>flower</name><pose>Unspecified</pose><truncated>0</truncated><difficult>0</difficult><bndbox><xmin>1503</xmin><ymin>430</ymin><xmax>1531</xmax><ymax>460</ymax></bndbox></object><object><name>flower</name><pose>Unspecified</pose><truncated>0</truncated><difficult>0</difficult><bndbox><xmin>1398</xmin><ymin>329</ymin><xmax>1425</xmax><ymax>361</ymax></bndbox></object><object><name>flower</name><pose>Unspecified</pose><truncated>0</truncated><difficult>0</difficult><bndbox><xmin>1364</xmin><ymin>294</ymin><xmax>1390</xmax><ymax>323</ymax></bndbox></object><object><name>flower</name><pose>Unspecified</pose><truncated>0</truncated><difficult>0</difficult><bndbox><xmin>1298</xmin><ymin>460</ymin><xmax>1341</xmax><ymax>508</ymax></bndbox></object><object><name>flower</name><pose>Unspecified</pose><truncated>0</truncated><difficult>0</difficult><bndbox><xmin>1609</xmin><ymin>891</ymin><xmax>1631</xmax><ymax>919</ymax></bndbox></object><object><name>flower</name><pose>Unspecified</pose><truncated>0</truncated><difficult>0</difficult><bndbox><xmin>1587</xmin><ymin>858</ymin><xmax>1612</xmax><ymax>887</ymax></bndbox></object><object><name>flower</name><pose>Unspecified</pose><truncated>0</truncated><difficult>0</difficult><bndbox><xmin>1408</xmin><ymin>630</ymin><xmax>1455</xmax><ymax>684</ymax></bndbox></object><object><name>flower</name><pose>Unspecified</pose><truncated>0</truncated><difficult>0</difficult><bndbox><xmin>1157</xmin><ymin>953</ymin><xmax>1203</xmax><ymax>1011</ymax></bndbox></object><object><name>flower</name><pose>Unspecified</pose><truncated>0</truncated><difficult>0</difficult><bndbox><xmin>1043</xmin><ymin>716</ymin><xmax>1080</xmax><ymax>763</ymax></bndbox></object><object><name>flower</name><pose>Unspecified</pose><truncated>0</truncated><difficult>0</difficult><bndbox><xmin>1024</xmin><ymin>747</ymin><xmax>1061</xmax><ymax>792</ymax></bndbox></object><object><name>flower</name><pose>Unspecified</pose><truncated>0</truncated><difficult>0</difficult><bndbox><xmin>997</xmin><ymin>766</ymin><xmax>1028</xmax><ymax>804</ymax></bndbox></object><object><name>flower</name><pose>Unspecified</pose><truncated>0</truncated><difficult>0</difficult><bndbox><xmin>942</xmin><ymin>829</ymin><xmax>973</xmax><ymax>867</ymax></bndbox></object><object><name>flower</name><pose>Unspecified</pose><truncated>0</truncated><difficult>0</difficult><bndbox><xmin>731</xmin><ymin>872</ymin><xmax>772</xmax><ymax>920</ymax></bndbox></object><object><name>flower</name><pose>Unspecified</pose><truncated>0</truncated><difficult>0</difficult><bndbox><xmin>701</xmin><ymin>870</ymin><xmax>729</xmax><ymax>900</ymax></bndbox></object><object><name>flower</name><pose>Unspecified</pose><truncated>0</truncated><difficult>0</difficult><bndbox><xmin>788</xmin><ymin>870</ymin><xmax>831</xmax><ymax>926</ymax></bndbox></object><object><name>flower</name><pose>Unspecified</pose><truncated>0</truncated><difficult>0</difficult><bndbox><xmin>1755</xmin><ymin>2442</ymin><xmax>1815</xmax><ymax>2501</ymax></bndbox></object><object><name>flower</name><pose>Unspecified</pose><truncated>0</truncated><difficult>0</difficult><bndbox><xmin>1809</xmin><ymin>2468</ymin><xmax>1878</xmax><ymax>2540</ymax></bndbox></object><object><name>flower</name><pose>Unspecified</pose><truncated>0</truncated><difficult>0</difficult><bndbox><xmin>1823</xmin><ymin>2518</ymin><xmax>1875</xmax><ymax>2578</ymax></bndbox></object><object><name>flower</name><pose>Unspecified</pose><truncated>0</truncated><difficult>0</difficult><bndbox><xmin>1925</xmin><ymin>2543</ymin><xmax>2006</xmax><ymax>2627</ymax></bndbox></object><object><name>flower</name><pose>Unspecified</pose><truncated>0</truncated><difficult>0</difficult><bndbox><xmin>2050</xmin><ymin>2624</ymin><xmax>2114</xmax><ymax>2689</ymax></bndbox></object><object><name>flower</name><pose>Unspecified</pose><truncated>0</truncated><difficult>0</difficult><bndbox><xmin>2241</xmin><ymin>2554</ymin><xmax>2278</xmax><ymax>2593</ymax></bndbox></object><object><name>flower</name><pose>Unspecified</pose><truncated>0</truncated><difficult>0</difficult><bndbox><xmin>2085</xmin><ymin>2549</ymin><xmax>2124</xmax><ymax>2590</ymax></bndbox></object><object><name>flower</name><pose>Unspecified</pose><truncated>0</truncated><difficult>0</difficult><bndbox><xmin>2465</xmin><ymin>2506</ymin><xmax>2531</xmax><ymax>2580</ymax></bndbox></object><object><name>flower</name><pose>Unspecified</pose><truncated>0</truncated><difficult>0</difficult><bndbox><xmin>1924</xmin><ymin>2606</ymin><xmax>1995</xmax><ymax>2679</ymax></bndbox></object><object><name>flower</name><pose>Unspecified</pose><truncated>0</truncated><difficult>0</difficult><bndbox><xmin>2260</xmin><ymin>2741</ymin><xmax>2321</xmax><ymax>2802</ymax></bndbox></object><object><name>flower</name><pose>Unspecified</pose><truncated>0</truncated><difficult>0</difficult><bndbox><xmin>1476</xmin><ymin>2640</ymin><xmax>1542</xmax><ymax>2699</ymax></bndbox></object><object><name>flower</name><pose>Unspecified</pose><truncated>0</truncated><difficult>0</difficult><bndbox><xmin>1314</xmin><ymin>2652</ymin><xmax>1362</xmax><ymax>2700</ymax></bndbox></object><object><name>flower</name><pose>Unspecified</pose><truncated>0</truncated><difficult>0</difficult><bndbox><xmin>1245</xmin><ymin>2518</ymin><xmax>1301</xmax><ymax>2573</ymax></bndbox></object><object><name>flower</name><pose>Unspecified</pose><truncated>0</truncated><difficult>0</difficult><bndbox><xmin>1177</xmin><ymin>2558</ymin><xmax>1214</xmax><ymax>2597</ymax></bndbox></object><object><name>flower</name><pose>Unspecified</pose><truncated>0</truncated><difficult>0</difficult><bndbox><xmin>1167</xmin><ymin>2331</ymin><xmax>1198</xmax><ymax>2369</ymax></bndbox></object><object><name>flower</name><pose>Unspecified</pose><truncated>0</truncated><difficult>0</difficult><bndbox><xmin>1151</xmin><ymin>2363</ymin><xmax>1197</xmax><ymax>2417</ymax></bndbox></object><object><name>flower</name><pose>Unspecified</pose><truncated>0</truncated><difficult>0</difficult><bndbox><xmin>1113</xmin><ymin>2360</ymin><xmax>1163</xmax><ymax>2421</ymax></bndbox></object><object><name>flower</name><pose>Unspecified</pose><truncated>0</truncated><difficult>0</difficult><bndbox><xmin>1296</xmin><ymin>2115</ymin><xmax>1340</xmax><ymax>2161</ymax></bndbox></object><object><name>flower</name><pose>Unspecified</pose><truncated>0</truncated><difficult>0</difficult><bndbox><xmin>1013</xmin><ymin>2400</ymin><xmax>1076</xmax><ymax>2456</ymax></bndbox></object><object><name>flower</name><pose>Unspecified</pose><truncated>0</truncated><difficult>0</difficult><bndbox><xmin>1028</xmin><ymin>2468</ymin><xmax>1058</xmax><ymax>2501</ymax></bndbox></object><object><name>flower</name><pose>Unspecified</pose><truncated>0</truncated><difficult>0</difficult><bndbox><xmin>998</xmin><ymin>2450</ymin><xmax>1034</xmax><ymax>2488</ymax></bndbox></object><object><name>flower</name><pose>Unspecified</pose><truncated>0</truncated><difficult>0</difficult><bndbox><xmin>1028</xmin><ymin>2500</ymin><xmax>1070</xmax><ymax>2541</ymax></bndbox></object><object><name>flower</name><pose>Unspecified</pose><truncated>0</truncated><difficult>0</difficult><bndbox><xmin>1007</xmin><ymin>2636</ymin><xmax>1056</xmax><ymax>2686</ymax></bndbox></object><object><name>flower</name><pose>Unspecified</pose><truncated>0</truncated><difficult>0</difficult><bndbox><xmin>1016</xmin><ymin>2685</ymin><xmax>1070</xmax><ymax>2741</ymax></bndbox></object><object><name>flower</name><pose>Unspecified</pose><truncated>0</truncated><difficult>0</difficult><bndbox><xmin>973</xmin><ymin>2662</ymin><xmax>1020</xmax><ymax>2716</ymax></bndbox></object><object><name>flower</name><pose>Unspecified</pose><truncated>0</truncated><difficult>0</difficult><bndbox><xmin>871</xmin><ymin>2702</ymin><xmax>933</xmax><ymax>2771</ymax></bndbox></object><object><name>flower</name><pose>Unspecified</pose><truncated>0</truncated><difficult>0</difficult><bndbox><xmin>771</xmin><ymin>2599</ymin><xmax>817</xmax><ymax>2647</ymax></bndbox></object><object><name>flower</name><pose>Unspecified</pose><truncated>0</truncated><difficult>0</difficult><bndbox><xmin>655</xmin><ymin>2627</ymin><xmax>702</xmax><ymax>2682</ymax></bndbox></object><object><name>flower</name><pose>Unspecified</pose><truncated>0</truncated><difficult>0</difficult><bndbox><xmin>726</xmin><ymin>2647</ymin><xmax>760</xmax><ymax>2688</ymax></bndbox></object><object><name>flower</name><pose>Unspecified</pose><truncated>0</truncated><difficult>0</difficult><bndbox><xmin>858</xmin><ymin>2530</ymin><xmax>912</xmax><ymax>2593</ymax></bndbox></object><object><name>flower</name><pose>Unspecified</pose><truncated>0</truncated><difficult>0</difficult><bndbox><xmin>938</xmin><ymin>2537</ymin><xmax>967</xmax><ymax>2573</ymax></bndbox></object><object><name>flower</name><pose>Unspecified</pose><truncated>0</truncated><difficult>0</difficult><bndbox><xmin>931</xmin><ymin>2583</ymin><xmax>963</xmax><ymax>2621</ymax></bndbox></object><object><name>flower</name><pose>Unspecified</pose><truncated>0</truncated><difficult>0</difficult><bndbox><xmin>755</xmin><ymin>2738</ymin><xmax>818</xmax><ymax>2812</ymax></bndbox></object><object><name>flower</name><pose>Unspecified</pose><truncated>0</truncated><difficult>0</difficult><bndbox><xmin>1009</xmin><ymin>2719</ymin><xmax>1064</xmax><ymax>2777</ymax></bndbox></object><object><name>flower</name><pose>Unspecified</pose><truncated>0</truncated><difficult>0</difficult><bndbox><xmin>1091</xmin><ymin>2640</ymin><xmax>1153</xmax><ymax>2706</ymax></bndbox></object><object><name>flower</name><pose>Unspecified</pose><truncated>0</truncated><difficult>0</difficult><bndbox><xmin>1482</xmin><ymin>2467</ymin><xmax>1532</xmax><ymax>2528</ymax></bndbox></object><object><name>flower</name><pose>Unspecified</pose><truncated>0</truncated><difficult>0</difficult><bndbox><xmin>1653</xmin><ymin>2449</ymin><xmax>1719</xmax><ymax>2526</ymax></bndbox></object><object><name>cocoa_pod</name><pose>Unspecified</pose><truncated>0</truncated><difficult>0</difficult><bndbox><xmin>958</xmin><ymin>2469</ymin><xmax>1033</xmax><ymax>2556</ymax></bndbox></object><object><name>cocoa_pod</name><pose>Unspecified</pose><truncated>0</truncated><difficult>0</difficult><bndbox><xmin>1170</xmin><ymin>2651</ymin><xmax>1234</xmax><ymax>2723</ymax></bndbox></object></annotation>