<?xml version='1.0' encoding='utf-8'?>
<annotation verified="yes">
	<folder>Data</folder>
	<filename>1-1_aug3.jpg</filename>
	<path>/content/drive/MyDrive/deeplearning/Assignment/augmented_data/images/1-1_aug3.jpg</path>
	<source>
		<database>Unknown</database>
	</source>
	<size>
		<width>3120</width>
		<height>4160</height>
		<depth>3</depth>
	</size>
	<segmented>0</segmented>
	<object><name>flower</name><pose>Unspecified</pose><truncated>0</truncated><difficult>0</difficult><bndbox><xmin>997</xmin><ymin>1597</ymin><xmax>1038</xmax><ymax>1669</ymax></bndbox></object><object><name>flower</name><pose>Unspecified</pose><truncated>0</truncated><difficult>0</difficult><bndbox><xmin>189</xmin><ymin>221</ymin><xmax>243</xmax><ymax>281</ymax></bndbox></object><object><name>flower</name><pose>Unspecified</pose><truncated>0</truncated><difficult>0</difficult><bndbox><xmin>701</xmin><ymin>1204</ymin><xmax>726</xmax><ymax>1233</ymax></bndbox></object><object><name>flower</name><pose>Unspecified</pose><truncated>0</truncated><difficult>0</difficult><bndbox><xmin>720</xmin><ymin>1246</ymin><xmax>748</xmax><ymax>1297</ymax></bndbox></object><object><name>flower</name><pose>Unspecified</pose><truncated>0</truncated><difficult>0</difficult><bndbox><xmin>748</xmin><ymin>1253</ymin><xmax>771</xmax><ymax>1306</ymax></bndbox></object><object><name>flower</name><pose>Unspecified</pose><truncated>0</truncated><difficult>0</difficult><bndbox><xmin>449</xmin><ymin>754</ymin><xmax>494</xmax><ymax>811</ymax></bndbox></object><object><name>flower</name><pose>Unspecified</pose><truncated>0</truncated><difficult>0</difficult><bndbox><xmin>1059</xmin><ymin>1653</ymin><xmax>1113</xmax><ymax>1746</ymax></bndbox></object><object><name>flower</name><pose>Unspecified</pose><truncated>0</truncated><difficult>0</difficult><bndbox><xmin>1109</xmin><ymin>1700</ymin><xmax>1154</xmax><ymax>1765</ymax></bndbox></object><object><name>flower</name><pose>Unspecified</pose><truncated>0</truncated><difficult>0</difficult><bndbox><xmin>941</xmin><ymin>1643</ymin><xmax>965</xmax><ymax>1692</ymax></bndbox></object><object><name>flower</name><pose>Unspecified</pose><truncated>0</truncated><difficult>0</difficult><bndbox><xmin>1185</xmin><ymin>1832</ymin><xmax>1232</xmax><ymax>1897</ymax></bndbox></object><object><name>flower</name><pose>Unspecified</pose><truncated>0</truncated><difficult>0</difficult><bndbox><xmin>1368</xmin><ymin>1725</ymin><xmax>1392</xmax><ymax>1773</ymax></bndbox></object><object><name>flower</name><pose>Unspecified</pose><truncated>0</truncated><difficult>0</difficult><bndbox><xmin>203</xmin><ymin>1711</ymin><xmax>223</xmax><ymax>1746</ymax></bndbox></object><object><name>flower</name><pose>Unspecified</pose><truncated>0</truncated><difficult>0</difficult><bndbox><xmin>648</xmin><ymin>1610</ymin><xmax>689</xmax><ymax>1654</ymax></bndbox></object><object><name>flower</name><pose>Unspecified</pose><truncated>0</truncated><difficult>0</difficult><bndbox><xmin>1275</xmin><ymin>1938</ymin><xmax>1329</xmax><ymax>2021</ymax></bndbox></object><object><name>flower</name><pose>Unspecified</pose><truncated>0</truncated><difficult>0</difficult><bndbox><xmin>1253</xmin><ymin>2185</ymin><xmax>1268</xmax><ymax>2225</ymax></bndbox></object><object><name>flower</name><pose>Unspecified</pose><truncated>0</truncated><difficult>0</difficult><bndbox><xmin>1416</xmin><ymin>2066</ymin><xmax>1457</xmax><ymax>2122</ymax></bndbox></object><object><name>flower</name><pose>Unspecified</pose><truncated>0</truncated><difficult>0</difficult><bndbox><xmin>1475</xmin><ymin>2009</ymin><xmax>1502</xmax><ymax>2053</ymax></bndbox></object><object><name>flower</name><pose>Unspecified</pose><truncated>0</truncated><difficult>0</difficult><bndbox><xmin>1550</xmin><ymin>1989</ymin><xmax>1593</xmax><ymax>2043</ymax></bndbox></object><object><name>flower</name><pose>Unspecified</pose><truncated>0</truncated><difficult>0</difficult><bndbox><xmin>1517</xmin><ymin>2070</ymin><xmax>1560</xmax><ymax>2119</ymax></bndbox></object><object><name>flower</name><pose>Unspecified</pose><truncated>0</truncated><difficult>0</difficult><bndbox><xmin>1558</xmin><ymin>1802</ymin><xmax>1592</xmax><ymax>1830</ymax></bndbox></object><object><name>flower</name><pose>Unspecified</pose><truncated>0</truncated><difficult>0</difficult><bndbox><xmin>1622</xmin><ymin>1802</ymin><xmax>1643</xmax><ymax>1846</ymax></bndbox></object><object><name>flower</name><pose>Unspecified</pose><truncated>0</truncated><difficult>0</difficult><bndbox><xmin>1584</xmin><ymin>1846</ymin><xmax>1617</xmax><ymax>1882</ymax></bndbox></object><object><name>flower</name><pose>Unspecified</pose><truncated>0</truncated><difficult>0</difficult><bndbox><xmin>570</xmin><ymin>784</ymin><xmax>591</xmax><ymax>821</ymax></bndbox></object><object><name>flower</name><pose>Unspecified</pose><truncated>0</truncated><difficult>0</difficult><bndbox><xmin>279</xmin><ymin>418</ymin><xmax>319</xmax><ymax>477</ymax></bndbox></object><object><name>flower</name><pose>Unspecified</pose><truncated>0</truncated><difficult>0</difficult><bndbox><xmin>126</xmin><ymin>524</ymin><xmax>144</xmax><ymax>551</ymax></bndbox></object><object><name>flower</name><pose>Unspecified</pose><truncated>0</truncated><difficult>0</difficult><bndbox><xmin>401</xmin><ymin>341</ymin><xmax>423</xmax><ymax>384</ymax></bndbox></object><object><name>flower</name><pose>Unspecified</pose><truncated>0</truncated><difficult>0</difficult><bndbox><xmin>276</xmin><ymin>714</ymin><xmax>302</xmax><ymax>750</ymax></bndbox></object><object><name>flower</name><pose>Unspecified</pose><truncated>0</truncated><difficult>0</difficult><bndbox><xmin>404</xmin><ymin>630</ymin><xmax>418</xmax><ymax>668</ymax></bndbox></object><object><name>flower</name><pose>Unspecified</pose><truncated>0</truncated><difficult>0</difficult><bndbox><xmin>405</xmin><ymin>679</ymin><xmax>461</xmax><ymax>718</ymax></bndbox></object><object><name>flower</name><pose>Unspecified</pose><truncated>0</truncated><difficult>0</difficult><bndbox><xmin>446</xmin><ymin>240</ymin><xmax>464</xmax><ymax>266</ymax></bndbox></object><object><name>flower</name><pose>Unspecified</pose><truncated>0</truncated><difficult>0</difficult><bndbox><xmin>489</xmin><ymin>88</ymin><xmax>504</xmax><ymax>118</ymax></bndbox></object><object><name>flower</name><pose>Unspecified</pose><truncated>0</truncated><difficult>0</difficult><bndbox><xmin>501</xmin><ymin>37</ymin><xmax>517</xmax><ymax>64</ymax></bndbox></object><object><name>flower</name><pose>Unspecified</pose><truncated>0</truncated><difficult>0</difficult><bndbox><xmin>629</xmin><ymin>164</ymin><xmax>656</xmax><ymax>206</ymax></bndbox></object><object><name>flower</name><pose>Unspecified</pose><truncated>0</truncated><difficult>0</difficult><bndbox><xmin>584</xmin><ymin>685</ymin><xmax>599</xmax><ymax>711</ymax></bndbox></object><object><name>flower</name><pose>Unspecified</pose><truncated>0</truncated><difficult>0</difficult><bndbox><xmin>617</xmin><ymin>382</ymin><xmax>644</xmax><ymax>432</ymax></bndbox></object><object><name>flower</name><pose>Unspecified</pose><truncated>0</truncated><difficult>0</difficult><bndbox><xmin>992</xmin><ymin>550</ymin><xmax>1015</xmax><ymax>608</ymax></bndbox></object><object><name>flower</name><pose>Unspecified</pose><truncated>0</truncated><difficult>0</difficult><bndbox><xmin>979</xmin><ymin>265</ymin><xmax>998</xmax><ymax>312</ymax></bndbox></object><object><name>flower</name><pose>Unspecified</pose><truncated>0</truncated><difficult>0</difficult><bndbox><xmin>1009</xmin><ymin>285</ymin><xmax>1029</xmax><ymax>328</ymax></bndbox></object><object><name>flower</name><pose>Unspecified</pose><truncated>0</truncated><difficult>0</difficult><bndbox><xmin>1044</xmin><ymin>286</ymin><xmax>1060</xmax><ymax>323</ymax></bndbox></object><object><name>flower</name><pose>Unspecified</pose><truncated>0</truncated><difficult>0</difficult><bndbox><xmin>1122</xmin><ymin>317</ymin><xmax>1139</xmax><ymax>353</ymax></bndbox></object><object><name>flower</name><pose>Unspecified</pose><truncated>0</truncated><difficult>0</difficult><bndbox><xmin>1318</xmin><ymin>248</ymin><xmax>1341</xmax><ymax>293</ymax></bndbox></object><object><name>flower</name><pose>Unspecified</pose><truncated>0</truncated><difficult>0</difficult><bndbox><xmin>1347</xmin><ymin>228</ymin><xmax>1365</xmax><ymax>253</ymax></bndbox></object><object><name>flower</name><pose>Unspecified</pose><truncated>0</truncated><difficult>0</difficult><bndbox><xmin>1272</xmin><ymin>274</ymin><xmax>1290</xmax><ymax>331</ymax></bndbox></object><object><name>flower</name><pose>Unspecified</pose><truncated>0</truncated><difficult>0</difficult><bndbox><xmin>1184</xmin><ymin>2278</ymin><xmax>1229</xmax><ymax>2323</ymax></bndbox></object><object><name>flower</name><pose>Unspecified</pose><truncated>0</truncated><difficult>0</difficult><bndbox><xmin>1149</xmin><ymin>2331</ymin><xmax>1196</xmax><ymax>2393</ymax></bndbox></object><object><name>flower</name><pose>Unspecified</pose><truncated>0</truncated><difficult>0</difficult><bndbox><xmin>1174</xmin><ymin>2378</ymin><xmax>1204</xmax><ymax>2434</ymax></bndbox></object><object><name>flower</name><pose>Unspecified</pose><truncated>0</truncated><difficult>0</difficult><bndbox><xmin>1080</xmin><ymin>2467</ymin><xmax>1135</xmax><ymax>2538</ymax></bndbox></object><object><name>flower</name><pose>Unspecified</pose><truncated>0</truncated><difficult>0</difficult><bndbox><xmin>1019</xmin><ymin>2606</ymin><xmax>1064</xmax><ymax>2658</ymax></bndbox></object><object><name>flower</name><pose>Unspecified</pose><truncated>0</truncated><difficult>0</difficult><bndbox><xmin>837</xmin><ymin>2633</ymin><xmax>862</xmax><ymax>2665</ymax></bndbox></object><object><name>flower</name><pose>Unspecified</pose><truncated>0</truncated><difficult>0</difficult><bndbox><xmin>967</xmin><ymin>2545</ymin><xmax>993</xmax><ymax>2579</ymax></bndbox></object><object><name>flower</name><pose>Unspecified</pose><truncated>0</truncated><difficult>0</difficult><bndbox><xmin>610</xmin><ymin>2713</ymin><xmax>651</xmax><ymax>2779</ymax></bndbox></object><object><name>flower</name><pose>Unspecified</pose><truncated>0</truncated><difficult>0</difficult><bndbox><xmin>1115</xmin><ymin>2523</ymin><xmax>1165</xmax><ymax>2583</ymax></bndbox></object><object><name>flower</name><pose>Unspecified</pose><truncated>0</truncated><difficult>0</difficult><bndbox><xmin>896</xmin><ymin>2827</ymin><xmax>941</xmax><ymax>2874</ymax></bndbox></object><object><name>flower</name><pose>Unspecified</pose><truncated>0</truncated><difficult>0</difficult><bndbox><xmin>1512</xmin><ymin>2321</ymin><xmax>1567</xmax><ymax>2360</ymax></bndbox></object><object><name>flower</name><pose>Unspecified</pose><truncated>0</truncated><difficult>0</difficult><bndbox><xmin>1671</xmin><ymin>2237</ymin><xmax>1707</xmax><ymax>2274</ymax></bndbox></object><object><name>flower</name><pose>Unspecified</pose><truncated>0</truncated><difficult>0</difficult><bndbox><xmin>1662</xmin><ymin>2077</ymin><xmax>1703</xmax><ymax>2119</ymax></bndbox></object><object><name>flower</name><pose>Unspecified</pose><truncated>0</truncated><difficult>0</difficult><bndbox><xmin>1751</xmin><ymin>2070</ymin><xmax>1776</xmax><ymax>2104</ymax></bndbox></object><object><name>flower</name><pose>Unspecified</pose><truncated>0</truncated><difficult>0</difficult><bndbox><xmin>1656</xmin><ymin>1847</ymin><xmax>1672</xmax><ymax>1885</ymax></bndbox></object><object><name>flower</name><pose>Unspecified</pose><truncated>0</truncated><difficult>0</difficult><bndbox><xmin>1678</xmin><ymin>1874</ymin><xmax>1704</xmax><ymax>1925</ymax></bndbox></object><object><name>flower</name><pose>Unspecified</pose><truncated>0</truncated><difficult>0</difficult><bndbox><xmin>1709</xmin><ymin>1851</ymin><xmax>1735</xmax><ymax>1910</ymax></bndbox></object><object><name>flower</name><pose>Unspecified</pose><truncated>0</truncated><difficult>0</difficult><bndbox><xmin>1430</xmin><ymin>1719</ymin><xmax>1460</xmax><ymax>1758</ymax></bndbox></object><object><name>flower</name><pose>Unspecified</pose><truncated>0</truncated><difficult>0</difficult><bndbox><xmin>1795</xmin><ymin>1847</ymin><xmax>1847</xmax><ymax>1885</ymax></bndbox></object><object><name>flower</name><pose>Unspecified</pose><truncated>0</truncated><difficult>0</difficult><bndbox><xmin>1839</xmin><ymin>1905</ymin><xmax>1859</xmax><ymax>1933</ymax></bndbox></object><object><name>flower</name><pose>Unspecified</pose><truncated>0</truncated><difficult>0</difficult><bndbox><xmin>1852</xmin><ymin>1874</ymin><xmax>1877</xmax><ymax>1905</ymax></bndbox></object><object><name>flower</name><pose>Unspecified</pose><truncated>0</truncated><difficult>0</difficult><bndbox><xmin>1845</xmin><ymin>1941</ymin><xmax>1878</xmax><ymax>1970</ymax></bndbox></object><object><name>flower</name><pose>Unspecified</pose><truncated>0</truncated><difficult>0</difficult><bndbox><xmin>1928</xmin><ymin>2058</ymin><xmax>1962</xmax><ymax>2100</ymax></bndbox></object><object><name>flower</name><pose>Unspecified</pose><truncated>0</truncated><difficult>0</difficult><bndbox><xmin>1942</xmin><ymin>2110</ymin><xmax>1978</xmax><ymax>2157</ymax></bndbox></object><object><name>flower</name><pose>Unspecified</pose><truncated>0</truncated><difficult>0</difficult><bndbox><xmin>1974</xmin><ymin>2061</ymin><xmax>2002</xmax><ymax>2112</ymax></bndbox></object><object><name>flower</name><pose>Unspecified</pose><truncated>0</truncated><difficult>0</difficult><bndbox><xmin>2073</xmin><ymin>2050</ymin><xmax>2112</xmax><ymax>2112</ymax></bndbox></object><object><name>flower</name><pose>Unspecified</pose><truncated>0</truncated><difficult>0</difficult><bndbox><xmin>2115</xmin><ymin>1897</ymin><xmax>2145</xmax><ymax>1937</ymax></bndbox></object><object><name>flower</name><pose>Unspecified</pose><truncated>0</truncated><difficult>0</difficult><bndbox><xmin>2231</xmin><ymin>1858</ymin><xmax>2257</xmax><ymax>1911</ymax></bndbox></object><object><name>flower</name><pose>Unspecified</pose><truncated>0</truncated><difficult>0</difficult><bndbox><xmin>2186</xmin><ymin>1911</ymin><xmax>2205</xmax><ymax>1952</ymax></bndbox></object><object><name>flower</name><pose>Unspecified</pose><truncated>0</truncated><difficult>0</difficult><bndbox><xmin>2007</xmin><ymin>1878</ymin><xmax>2038</xmax><ymax>1937</ymax></bndbox></object><object><name>flower</name><pose>Unspecified</pose><truncated>0</truncated><difficult>0</difficult><bndbox><xmin>1953</xmin><ymin>1920</ymin><xmax>1969</xmax><ymax>1954</ymax></bndbox></object><object><name>flower</name><pose>Unspecified</pose><truncated>0</truncated><difficult>0</difficult><bndbox><xmin>1979</xmin><ymin>1960</ymin><xmax>1997</xmax><ymax>1997</ymax></bndbox></object><object><name>flower</name><pose>Unspecified</pose><truncated>0</truncated><difficult>0</difficult><bndbox><xmin>2192</xmin><ymin>2021</ymin><xmax>2228</xmax><ymax>2090</ymax></bndbox></object><object><name>flower</name><pose>Unspecified</pose><truncated>0</truncated><difficult>0</difficult><bndbox><xmin>1964</xmin><ymin>2138</ymin><xmax>2001</xmax><ymax>2187</ymax></bndbox></object><object><name>flower</name><pose>Unspecified</pose><truncated>0</truncated><difficult>0</difficult><bndbox><xmin>1852</xmin><ymin>2110</ymin><xmax>1893</xmax><ymax>2166</ymax></bndbox></object><object><name>flower</name><pose>Unspecified</pose><truncated>0</truncated><difficult>0</difficult><bndbox><xmin>1446</xmin><ymin>2148</ymin><xmax>1470</xmax><ymax>2207</ymax></bndbox></object><object><name>flower</name><pose>Unspecified</pose><truncated>0</truncated><difficult>0</difficult><bndbox><xmin>1280</xmin><ymin>2228</ymin><xmax>1319</xmax><ymax>2298</ymax></bndbox></object><object><name>cocoa_pod</name><pose>Unspecified</pose><truncated>0</truncated><difficult>0</difficult><bndbox><xmin>1881</xmin><ymin>1879</ymin><xmax>1925</xmax><ymax>1960</ymax></bndbox></object><object><name>cocoa_pod</name><pose>Unspecified</pose><truncated>0</truncated><difficult>0</difficult><bndbox><xmin>1791</xmin><ymin>2161</ymin><xmax>1831</xmax><ymax>2226</ymax></bndbox></object><object><name>flower</name><pose>Unspecified</pose><truncated>0</truncated><difficult>0</difficult><bndbox><xmin>141</xmin><ymin>3245</ymin><xmax>172</xmax><ymax>3274</ymax></bndbox></object></annotation>