<?xml version='1.0' encoding='utf-8'?>
<annotation>
	<folder>Data</folder>
	<filename>1-2_aug2.jpg</filename>
	<path>/content/drive/MyDrive/deeplearning/Assignment/augmented_data/images/1-2_aug2.jpg</path>
	<source>
		<database>Unknown</database>
	</source>
	<size>
		<width>3120</width>
		<height>4160</height>
		<depth>3</depth>
	</size>
	<segmented>0</segmented>
	<object><name>flower</name><pose>Unspecified</pose><truncated>0</truncated><difficult>0</difficult><bndbox><xmin>1033</xmin><ymin>790</ymin><xmax>1070</xmax><ymax>837</ymax></bndbox></object><object><name>flower</name><pose>Unspecified</pose><truncated>0</truncated><difficult>0</difficult><bndbox><xmin>1094</xmin><ymin>842</ymin><xmax>1127</xmax><ymax>903</ymax></bndbox></object><object><name>cocoa_pod</name><pose>Unspecified</pose><truncated>0</truncated><difficult>0</difficult><bndbox><xmin>1920</xmin><ymin>2296</ymin><xmax>1970</xmax><ymax>2395</ymax></bndbox></object><object><name>cocoa_pod</name><pose>Unspecified</pose><truncated>0</truncated><difficult>0</difficult><bndbox><xmin>1922</xmin><ymin>2122</ymin><xmax>1965</xmax><ymax>2170</ymax></bndbox></object><object><name>flower</name><pose>Unspecified</pose><truncated>0</truncated><difficult>0</difficult><bndbox><xmin>2097</xmin><ymin>2157</ymin><xmax>2128</xmax><ymax>2190</ymax></bndbox></object><object><name>flower</name><pose>Unspecified</pose><truncated>0</truncated><difficult>0</difficult><bndbox><xmin>1060</xmin><ymin>1504</ymin><xmax>1103</xmax><ymax>1591</ymax></bndbox></object><object><name>flower</name><pose>Unspecified</pose><truncated>0</truncated><difficult>0</difficult><bndbox><xmin>1208</xmin><ymin>1097</ymin><xmax>1256</xmax><ymax>1158</ymax></bndbox></object><object><name>flower</name><pose>Unspecified</pose><truncated>0</truncated><difficult>0</difficult><bndbox><xmin>1112</xmin><ymin>1514</ymin><xmax>1156</xmax><ymax>1590</ymax></bndbox></object><object><name>flower</name><pose>Unspecified</pose><truncated>0</truncated><difficult>0</difficult><bndbox><xmin>1161</xmin><ymin>1529</ymin><xmax>1198</xmax><ymax>1605</ymax></bndbox></object><object><name>flower</name><pose>Unspecified</pose><truncated>0</truncated><difficult>0</difficult><bndbox><xmin>516</xmin><ymin>2449</ymin><xmax>559</xmax><ymax>2509</ymax></bndbox></object><object><name>flower</name><pose>Unspecified</pose><truncated>0</truncated><difficult>0</difficult><bndbox><xmin>569</xmin><ymin>2493</ymin><xmax>607</xmax><ymax>2525</ymax></bndbox></object><object><name>flower</name><pose>Unspecified</pose><truncated>0</truncated><difficult>0</difficult><bndbox><xmin>596</xmin><ymin>2421</ymin><xmax>631</xmax><ymax>2457</ymax></bndbox></object><object><name>flower</name><pose>Unspecified</pose><truncated>0</truncated><difficult>0</difficult><bndbox><xmin>631</xmin><ymin>2350</ymin><xmax>677</xmax><ymax>2408</ymax></bndbox></object><object><name>flower</name><pose>Unspecified</pose><truncated>0</truncated><difficult>0</difficult><bndbox><xmin>675</xmin><ymin>2469</ymin><xmax>711</xmax><ymax>2517</ymax></bndbox></object><object><name>flower</name><pose>Unspecified</pose><truncated>0</truncated><difficult>0</difficult><bndbox><xmin>1078</xmin><ymin>2372</ymin><xmax>1118</xmax><ymax>2442</ymax></bndbox></object><object><name>flower</name><pose>Unspecified</pose><truncated>0</truncated><difficult>0</difficult><bndbox><xmin>1139</xmin><ymin>2289</ymin><xmax>1164</xmax><ymax>2344</ymax></bndbox></object><object><name>flower</name><pose>Unspecified</pose><truncated>0</truncated><difficult>0</difficult><bndbox><xmin>1347</xmin><ymin>1377</ymin><xmax>1382</xmax><ymax>1426</ymax></bndbox></object><object><name>flower</name><pose>Unspecified</pose><truncated>0</truncated><difficult>0</difficult><bndbox><xmin>1281</xmin><ymin>1536</ymin><xmax>1330</xmax><ymax>1608</ymax></bndbox></object><object><name>flower</name><pose>Unspecified</pose><truncated>0</truncated><difficult>0</difficult><bndbox><xmin>1239</xmin><ymin>2267</ymin><xmax>1274</xmax><ymax>2329</ymax></bndbox></object><object><name>flower</name><pose>Unspecified</pose><truncated>0</truncated><difficult>0</difficult><bndbox><xmin>1275</xmin><ymin>2304</ymin><xmax>1311</xmax><ymax>2361</ymax></bndbox></object><object><name>flower</name><pose>Unspecified</pose><truncated>0</truncated><difficult>0</difficult><bndbox><xmin>1325</xmin><ymin>2344</ymin><xmax>1358</xmax><ymax>2413</ymax></bndbox></object><object><name>flower</name><pose>Unspecified</pose><truncated>0</truncated><difficult>0</difficult><bndbox><xmin>1385</xmin><ymin>2311</ymin><xmax>1409</xmax><ymax>2352</ymax></bndbox></object><object><name>flower</name><pose>Unspecified</pose><truncated>0</truncated><difficult>0</difficult><bndbox><xmin>1422</xmin><ymin>3701</ymin><xmax>1446</xmax><ymax>3746</ymax></bndbox></object><object><name>flower</name><pose>Unspecified</pose><truncated>0</truncated><difficult>0</difficult><bndbox><xmin>1510</xmin><ymin>3729</ymin><xmax>1526</xmax><ymax>3754</ymax></bndbox></object><object><name>flower</name><pose>Unspecified</pose><truncated>0</truncated><difficult>0</difficult><bndbox><xmin>1590</xmin><ymin>3836</ymin><xmax>1614</xmax><ymax>3881</ymax></bndbox></object><object><name>flower</name><pose>Unspecified</pose><truncated>0</truncated><difficult>0</difficult><bndbox><xmin>1550</xmin><ymin>3773</ymin><xmax>1567</xmax><ymax>3811</ymax></bndbox></object><object><name>flower</name><pose>Unspecified</pose><truncated>0</truncated><difficult>0</difficult><bndbox><xmin>1588</xmin><ymin>3793</ymin><xmax>1600</xmax><ymax>3807</ymax></bndbox></object><object><name>flower</name><pose>Unspecified</pose><truncated>0</truncated><difficult>0</difficult><bndbox><xmin>1524</xmin><ymin>4089</ymin><xmax>1536</xmax><ymax>4117</ymax></bndbox></object><object><name>flower</name><pose>Unspecified</pose><truncated>0</truncated><difficult>0</difficult><bndbox><xmin>1469</xmin><ymin>4037</ymin><xmax>1487</xmax><ymax>4071</ymax></bndbox></object><object><name>flower</name><pose>Unspecified</pose><truncated>0</truncated><difficult>0</difficult><bndbox><xmin>1617</xmin><ymin>3963</ymin><xmax>1633</xmax><ymax>3988</ymax></bndbox></object><object><name>flower</name><pose>Unspecified</pose><truncated>0</truncated><difficult>0</difficult><bndbox><xmin>1698</xmin><ymin>3958</ymin><xmax>1721</xmax><ymax>3993</ymax></bndbox></object><object><name>cocoa_pod</name><pose>Unspecified</pose><truncated>0</truncated><difficult>0</difficult><bndbox><xmin>1728</xmin><ymin>4009</ymin><xmax>1759</xmax><ymax>4030</ymax></bndbox></object><object><name>cocoa_pod</name><pose>Unspecified</pose><truncated>0</truncated><difficult>0</difficult><bndbox><xmin>1720</xmin><ymin>4036</ymin><xmax>1770</xmax><ymax>4061</ymax></bndbox></object><object><name>flower</name><pose>Unspecified</pose><truncated>0</truncated><difficult>0</difficult><bndbox><xmin>1609</xmin><ymin>2281</ymin><xmax>1632</xmax><ymax>2323</ymax></bndbox></object><object><name>flower</name><pose>Unspecified</pose><truncated>0</truncated><difficult>0</difficult><bndbox><xmin>1761</xmin><ymin>2221</ymin><xmax>1787</xmax><ymax>2259</ymax></bndbox></object><object><name>flower</name><pose>Unspecified</pose><truncated>0</truncated><difficult>0</difficult><bndbox><xmin>1468</xmin><ymin>1555</ymin><xmax>1495</xmax><ymax>1597</ymax></bndbox></object><object><name>flower</name><pose>Unspecified</pose><truncated>0</truncated><difficult>0</difficult><bndbox><xmin>1547</xmin><ymin>1549</ymin><xmax>1570</xmax><ymax>1585</ymax></bndbox></object><object><name>flower</name><pose>Unspecified</pose><truncated>0</truncated><difficult>0</difficult><bndbox><xmin>1499</xmin><ymin>1596</ymin><xmax>1530</xmax><ymax>1642</ymax></bndbox></object><object><name>flower</name><pose>Unspecified</pose><truncated>0</truncated><difficult>0</difficult><bndbox><xmin>1745</xmin><ymin>1641</ymin><xmax>1774</xmax><ymax>1692</ymax></bndbox></object><object><name>flower</name><pose>Unspecified</pose><truncated>0</truncated><difficult>0</difficult><bndbox><xmin>1919</xmin><ymin>1836</ymin><xmax>1955</xmax><ymax>1865</ymax></bndbox></object><object><name>flower</name><pose>Unspecified</pose><truncated>0</truncated><difficult>0</difficult><bndbox><xmin>1810</xmin><ymin>1700</ymin><xmax>1830</xmax><ymax>1725</ymax></bndbox></object><object><name>flower</name><pose>Unspecified</pose><truncated>0</truncated><difficult>0</difficult><bndbox><xmin>1863</xmin><ymin>2251</ymin><xmax>1901</xmax><ymax>2298</ymax></bndbox></object><object><name>flower</name><pose>Unspecified</pose><truncated>0</truncated><difficult>0</difficult><bndbox><xmin>1850</xmin><ymin>2289</ymin><xmax>1875</xmax><ymax>2341</ymax></bndbox></object><object><name>flower</name><pose>Unspecified</pose><truncated>0</truncated><difficult>0</difficult><bndbox><xmin>1809</xmin><ymin>2333</ymin><xmax>1843</xmax><ymax>2381</ymax></bndbox></object><object><name>flower</name><pose>Unspecified</pose><truncated>0</truncated><difficult>0</difficult><bndbox><xmin>1774</xmin><ymin>2331</ymin><xmax>1799</xmax><ymax>2357</ymax></bndbox></object><object><name>flower</name><pose>Unspecified</pose><truncated>0</truncated><difficult>0</difficult><bndbox><xmin>1770</xmin><ymin>2391</ymin><xmax>1799</xmax><ymax>2418</ymax></bndbox></object><object><name>cocoa_pod</name><pose>Unspecified</pose><truncated>0</truncated><difficult>0</difficult><bndbox><xmin>1844</xmin><ymin>4023</ymin><xmax>1880</xmax><ymax>4083</ymax></bndbox></object><object><name>cocoa_pod</name><pose>Unspecified</pose><truncated>0</truncated><difficult>0</difficult><bndbox><xmin>2188</xmin><ymin>1961</ymin><xmax>2205</xmax><ymax>1985</ymax></bndbox></object><object><name>flower</name><pose>Unspecified</pose><truncated>0</truncated><difficult>0</difficult><bndbox><xmin>2269</xmin><ymin>2123</ymin><xmax>2289</xmax><ymax>2145</ymax></bndbox></object><object><name>flower</name><pose>Unspecified</pose><truncated>0</truncated><difficult>0</difficult><bndbox><xmin>2333</xmin><ymin>2178</ymin><xmax>2354</xmax><ymax>2229</ymax></bndbox></object><object><name>flower</name><pose>Unspecified</pose><truncated>0</truncated><difficult>0</difficult><bndbox><xmin>2425</xmin><ymin>1999</ymin><xmax>2444</xmax><ymax>2028</ymax></bndbox></object><object><name>flower</name><pose>Unspecified</pose><truncated>0</truncated><difficult>0</difficult><bndbox><xmin>2108</xmin><ymin>2105</ymin><xmax>2124</xmax><ymax>2122</ymax></bndbox></object><object><name>flower</name><pose>Unspecified</pose><truncated>0</truncated><difficult>0</difficult><bndbox><xmin>2190</xmin><ymin>2074</ymin><xmax>2219</xmax><ymax>2108</ymax></bndbox></object><object><name>flower</name><pose>Unspecified</pose><truncated>0</truncated><difficult>0</difficult><bndbox><xmin>2177</xmin><ymin>2146</ymin><xmax>2200</xmax><ymax>2165</ymax></bndbox></object><object><name>flower</name><pose>Unspecified</pose><truncated>0</truncated><difficult>0</difficult><bndbox><xmin>2165</xmin><ymin>2183</ymin><xmax>2199</xmax><ymax>2233</ymax></bndbox></object><object><name>flower</name><pose>Unspecified</pose><truncated>0</truncated><difficult>0</difficult><bndbox><xmin>2007</xmin><ymin>1856</ymin><xmax>2034</xmax><ymax>1897</ymax></bndbox></object><object><name>flower</name><pose>Unspecified</pose><truncated>0</truncated><difficult>0</difficult><bndbox><xmin>2016</xmin><ymin>1894</ymin><xmax>2036</xmax><ymax>1926</ymax></bndbox></object><object><name>flower</name><pose>Unspecified</pose><truncated>0</truncated><difficult>0</difficult><bndbox><xmin>2145</xmin><ymin>1847</ymin><xmax>2172</xmax><ymax>1906</ymax></bndbox></object><object><name>flower</name><pose>Unspecified</pose><truncated>0</truncated><difficult>0</difficult><bndbox><xmin>2267</xmin><ymin>1892</ymin><xmax>2296</xmax><ymax>1921</ymax></bndbox></object><object><name>flower</name><pose>Unspecified</pose><truncated>0</truncated><difficult>0</difficult><bndbox><xmin>2022</xmin><ymin>1786</ymin><xmax>2042</xmax><ymax>1821</ymax></bndbox></object></annotation>