<?xml version='1.0' encoding='utf-8'?>
<annotation>
	<folder>Data</folder>
	<filename>1-2_aug1.jpg</filename>
	<path>/content/drive/MyDrive/deeplearning/Assignment/augmented_data/images/1-2_aug1.jpg</path>
	<source>
		<database>Unknown</database>
	</source>
	<size>
		<width>3120</width>
		<height>4160</height>
		<depth>3</depth>
	</size>
	<segmented>0</segmented>
	<object><name>flower</name><pose>Unspecified</pose><truncated>0</truncated><difficult>0</difficult><bndbox><xmin>2257</xmin><ymin>3739</ymin><xmax>2302</xmax><ymax>3792</ymax></bndbox></object><object><name>flower</name><pose>Unspecified</pose><truncated>0</truncated><difficult>0</difficult><bndbox><xmin>2191</xmin><ymin>3673</ymin><xmax>2232</xmax><ymax>3742</ymax></bndbox></object><object><name>cocoa_pod</name><pose>Unspecified</pose><truncated>0</truncated><difficult>0</difficult><bndbox><xmin>1145</xmin><ymin>2157</ymin><xmax>1209</xmax><ymax>2269</ymax></bndbox></object><object><name>cocoa_pod</name><pose>Unspecified</pose><truncated>0</truncated><difficult>0</difficult><bndbox><xmin>1173</xmin><ymin>2399</ymin><xmax>1223</xmax><ymax>2454</ymax></bndbox></object><object><name>flower</name><pose>Unspecified</pose><truncated>0</truncated><difficult>0</difficult><bndbox><xmin>996</xmin><ymin>2394</ymin><xmax>1032</xmax><ymax>2433</ymax></bndbox></object><object><name>flower</name><pose>Unspecified</pose><truncated>0</truncated><difficult>0</difficult><bndbox><xmin>2150</xmin><ymin>2934</ymin><xmax>2204</xmax><ymax>3032</ymax></bndbox></object><object><name>flower</name><pose>Unspecified</pose><truncated>0</truncated><difficult>0</difficult><bndbox><xmin>2027</xmin><ymin>3412</ymin><xmax>2086</xmax><ymax>3482</ymax></bndbox></object><object><name>flower</name><pose>Unspecified</pose><truncated>0</truncated><difficult>0</difficult><bndbox><xmin>2093</xmin><ymin>2941</ymin><xmax>2147</xmax><ymax>3026</ymax></bndbox></object><object><name>flower</name><pose>Unspecified</pose><truncated>0</truncated><difficult>0</difficult><bndbox><xmin>2047</xmin><ymin>2930</ymin><xmax>2094</xmax><ymax>3014</ymax></bndbox></object><object><name>flower</name><pose>Unspecified</pose><truncated>0</truncated><difficult>0</difficult><bndbox><xmin>2643</xmin><ymin>1901</ymin><xmax>2695</xmax><ymax>1969</ymax></bndbox></object><object><name>flower</name><pose>Unspecified</pose><truncated>0</truncated><difficult>0</difficult><bndbox><xmin>2590</xmin><ymin>1889</ymin><xmax>2634</xmax><ymax>1927</ymax></bndbox></object><object><name>flower</name><pose>Unspecified</pose><truncated>0</truncated><difficult>0</difficult><bndbox><xmin>2571</xmin><ymin>1964</ymin><xmax>2611</xmax><ymax>2006</ymax></bndbox></object><object><name>flower</name><pose>Unspecified</pose><truncated>0</truncated><difficult>0</difficult><bndbox><xmin>2527</xmin><ymin>2020</ymin><xmax>2581</xmax><ymax>2086</ymax></bndbox></object><object><name>flower</name><pose>Unspecified</pose><truncated>0</truncated><difficult>0</difficult><bndbox><xmin>2480</xmin><ymin>1907</ymin><xmax>2523</xmax><ymax>1962</ymax></bndbox></object><object><name>flower</name><pose>Unspecified</pose><truncated>0</truncated><difficult>0</difficult><bndbox><xmin>2052</xmin><ymin>2026</ymin><xmax>2101</xmax><ymax>2106</ymax></bndbox></object><object><name>flower</name><pose>Unspecified</pose><truncated>0</truncated><difficult>0</difficult><bndbox><xmin>2012</xmin><ymin>2138</ymin><xmax>2044</xmax><ymax>2198</ymax></bndbox></object><object><name>flower</name><pose>Unspecified</pose><truncated>0</truncated><difficult>0</difficult><bndbox><xmin>1868</xmin><ymin>3139</ymin><xmax>1909</xmax><ymax>3195</ymax></bndbox></object><object><name>flower</name><pose>Unspecified</pose><truncated>0</truncated><difficult>0</difficult><bndbox><xmin>1905</xmin><ymin>2938</ymin><xmax>1965</xmax><ymax>3020</ymax></bndbox></object><object><name>flower</name><pose>Unspecified</pose><truncated>0</truncated><difficult>0</difficult><bndbox><xmin>1896</xmin><ymin>2163</ymin><xmax>1939</xmax><ymax>2232</ymax></bndbox></object><object><name>flower</name><pose>Unspecified</pose><truncated>0</truncated><difficult>0</difficult><bndbox><xmin>1853</xmin><ymin>2132</ymin><xmax>1898</xmax><ymax>2197</ymax></bndbox></object><object><name>flower</name><pose>Unspecified</pose><truncated>0</truncated><difficult>0</difficult><bndbox><xmin>1797</xmin><ymin>2081</ymin><xmax>1840</xmax><ymax>2159</ymax></bndbox></object><object><name>flower</name><pose>Unspecified</pose><truncated>0</truncated><difficult>0</difficult><bndbox><xmin>1749</xmin><ymin>2153</ymin><xmax>1779</xmax><ymax>2198</ymax></bndbox></object><object><name>flower</name><pose>Unspecified</pose><truncated>0</truncated><difficult>0</difficult><bndbox><xmin>1575</xmin><ymin>665</ymin><xmax>1605</xmax><ymax>716</ymax></bndbox></object><object><name>flower</name><pose>Unspecified</pose><truncated>0</truncated><difficult>0</difficult><bndbox><xmin>1488</xmin><ymin>665</ymin><xmax>1508</xmax><ymax>694</ymax></bndbox></object><object><name>flower</name><pose>Unspecified</pose><truncated>0</truncated><difficult>0</difficult><bndbox><xmin>1382</xmin><ymin>537</ymin><xmax>1412</xmax><ymax>588</ymax></bndbox></object><object><name>flower</name><pose>Unspecified</pose><truncated>0</truncated><difficult>0</difficult><bndbox><xmin>1439</xmin><ymin>607</ymin><xmax>1462</xmax><ymax>650</ymax></bndbox></object><object><name>flower</name><pose>Unspecified</pose><truncated>0</truncated><difficult>0</difficult><bndbox><xmin>1404</xmin><ymin>615</ymin><xmax>1419</xmax><ymax>632</ymax></bndbox></object><object><name>flower</name><pose>Unspecified</pose><truncated>0</truncated><difficult>0</difficult><bndbox><xmin>1443</xmin><ymin>278</ymin><xmax>1458</xmax><ymax>310</ymax></bndbox></object><object><name>flower</name><pose>Unspecified</pose><truncated>0</truncated><difficult>0</difficult><bndbox><xmin>1500</xmin><ymin>322</ymin><xmax>1523</xmax><ymax>360</ymax></bndbox></object><object><name>flower</name><pose>Unspecified</pose><truncated>0</truncated><difficult>0</difficult><bndbox><xmin>1352</xmin><ymin>426</ymin><xmax>1371</xmax><ymax>453</ymax></bndbox></object><object><name>flower</name><pose>Unspecified</pose><truncated>0</truncated><difficult>0</difficult><bndbox><xmin>1257</xmin><ymin>428</ymin><xmax>1285</xmax><ymax>467</ymax></bndbox></object><object><name>cocoa_pod</name><pose>Unspecified</pose><truncated>0</truncated><difficult>0</difficult><bndbox><xmin>1213</xmin><ymin>391</ymin><xmax>1249</xmax><ymax>417</ymax></bndbox></object><object><name>cocoa_pod</name><pose>Unspecified</pose><truncated>0</truncated><difficult>0</difficult><bndbox><xmin>1199</xmin><ymin>357</ymin><xmax>1254</xmax><ymax>389</ymax></bndbox></object><object><name>flower</name><pose>Unspecified</pose><truncated>0</truncated><difficult>0</difficult><bndbox><xmin>1514</xmin><ymin>2204</ymin><xmax>1542</xmax><ymax>2252</ymax></bndbox></object><object><name>flower</name><pose>Unspecified</pose><truncated>0</truncated><difficult>0</difficult><bndbox><xmin>1354</xmin><ymin>2287</ymin><xmax>1386</xmax><ymax>2331</ymax></bndbox></object><object><name>flower</name><pose>Unspecified</pose><truncated>0</truncated><difficult>0</difficult><bndbox><xmin>1730</xmin><ymin>2968</ymin><xmax>1763</xmax><ymax>3015</ymax></bndbox></object><object><name>flower</name><pose>Unspecified</pose><truncated>0</truncated><difficult>0</difficult><bndbox><xmin>1651</xmin><ymin>2988</ymin><xmax>1679</xmax><ymax>3029</ymax></bndbox></object><object><name>flower</name><pose>Unspecified</pose><truncated>0</truncated><difficult>0</difficult><bndbox><xmin>1688</xmin><ymin>2922</ymin><xmax>1725</xmax><ymax>2975</ymax></bndbox></object><object><name>flower</name><pose>Unspecified</pose><truncated>0</truncated><difficult>0</difficult><bndbox><xmin>1423</xmin><ymin>2893</ymin><xmax>1459</xmax><ymax>2950</ymax></bndbox></object><object><name>flower</name><pose>Unspecified</pose><truncated>0</truncated><difficult>0</difficult><bndbox><xmin>1213</xmin><ymin>2725</ymin><xmax>1254</xmax><ymax>2760</ymax></bndbox></object><object><name>flower</name><pose>Unspecified</pose><truncated>0</truncated><difficult>0</difficult><bndbox><xmin>1359</xmin><ymin>2864</ymin><xmax>1383</xmax><ymax>2893</ymax></bndbox></object><object><name>flower</name><pose>Unspecified</pose><truncated>0</truncated><difficult>0</difficult><bndbox><xmin>1228</xmin><ymin>2256</ymin><xmax>1273</xmax><ymax>2310</ymax></bndbox></object><object><name>flower</name><pose>Unspecified</pose><truncated>0</truncated><difficult>0</difficult><bndbox><xmin>1252</xmin><ymin>2209</ymin><xmax>1284</xmax><ymax>2267</ymax></bndbox></object><object><name>flower</name><pose>Unspecified</pose><truncated>0</truncated><difficult>0</difficult><bndbox><xmin>1282</xmin><ymin>2162</ymin><xmax>1324</xmax><ymax>2217</ymax></bndbox></object><object><name>flower</name><pose>Unspecified</pose><truncated>0</truncated><difficult>0</difficult><bndbox><xmin>1332</xmin><ymin>2185</ymin><xmax>1361</xmax><ymax>2214</ymax></bndbox></object><object><name>flower</name><pose>Unspecified</pose><truncated>0</truncated><difficult>0</difficult><bndbox><xmin>1325</xmin><ymin>2119</ymin><xmax>1360</xmax><ymax>2150</ymax></bndbox></object><object><name>cocoa_pod</name><pose>Unspecified</pose><truncated>0</truncated><difficult>0</difficult><bndbox><xmin>1079</xmin><ymin>345</ymin><xmax>1122</xmax><ymax>413</ymax></bndbox></object><object><name>cocoa_pod</name><pose>Unspecified</pose><truncated>0</truncated><difficult>0</difficult><bndbox><xmin>933</xmin><ymin>2622</ymin><xmax>954</xmax><ymax>2650</ymax></bndbox></object><object><name>flower</name><pose>Unspecified</pose><truncated>0</truncated><difficult>0</difficult><bndbox><xmin>828</xmin><ymin>2459</ymin><xmax>851</xmax><ymax>2484</ymax></bndbox></object><object><name>flower</name><pose>Unspecified</pose><truncated>0</truncated><difficult>0</difficult><bndbox><xmin>751</xmin><ymin>2375</ymin><xmax>778</xmax><ymax>2432</ymax></bndbox></object><object><name>flower</name><pose>Unspecified</pose><truncated>0</truncated><difficult>0</difficult><bndbox><xmin>674</xmin><ymin>2600</ymin><xmax>697</xmax><ymax>2631</ymax></bndbox></object><object><name>flower</name><pose>Unspecified</pose><truncated>0</truncated><difficult>0</difficult><bndbox><xmin>1006</xmin><ymin>2468</ymin><xmax>1026</xmax><ymax>2488</ymax></bndbox></object><object><name>flower</name><pose>Unspecified</pose><truncated>0</truncated><difficult>0</difficult><bndbox><xmin>906</xmin><ymin>2491</ymin><xmax>940</xmax><ymax>2530</ymax></bndbox></object><object><name>flower</name><pose>Unspecified</pose><truncated>0</truncated><difficult>0</difficult><bndbox><xmin>921</xmin><ymin>2429</ymin><xmax>947</xmax><ymax>2451</ymax></bndbox></object><object><name>flower</name><pose>Unspecified</pose><truncated>0</truncated><difficult>0</difficult><bndbox><xmin>916</xmin><ymin>2355</ymin><xmax>957</xmax><ymax>2411</ymax></bndbox></object><object><name>flower</name><pose>Unspecified</pose><truncated>0</truncated><difficult>0</difficult><bndbox><xmin>1124</xmin><ymin>2699</ymin><xmax>1158</xmax><ymax>2746</ymax></bndbox></object><object><name>flower</name><pose>Unspecified</pose><truncated>0</truncated><difficult>0</difficult><bndbox><xmin>1120</xmin><ymin>2669</ymin><xmax>1144</xmax><ymax>2705</ymax></bndbox></object><object><name>flower</name><pose>Unspecified</pose><truncated>0</truncated><difficult>0</difficult><bndbox><xmin>976</xmin><ymin>2702</ymin><xmax>1011</xmax><ymax>2768</ymax></bndbox></object><object><name>flower</name><pose>Unspecified</pose><truncated>0</truncated><difficult>0</difficult><bndbox><xmin>842</xmin><ymin>2699</ymin><xmax>875</xmax><ymax>2733</ymax></bndbox></object><object><name>flower</name><pose>Unspecified</pose><truncated>0</truncated><difficult>0</difficult><bndbox><xmin>1123</xmin><ymin>2782</ymin><xmax>1148</xmax><ymax>2821</ymax></bndbox></object></annotation>