<?xml version='1.0' encoding='utf-8'?>
<annotation>
	<folder>Data</folder>
	<filename>1-3_aug1.jpg</filename>
	<path>/content/drive/MyDrive/deeplearning/Assignment/augmented_data/images/1-3_aug1.jpg</path>
	<source>
		<database>Unknown</database>
	</source>
	<size>
		<width>3120</width>
		<height>4160</height>
		<depth>3</depth>
	</size>
	<segmented>0</segmented>
	<object><name>flower</name><pose>Unspecified</pose><truncated>0</truncated><difficult>0</difficult><bndbox><xmin>587</xmin><ymin>2937</ymin><xmax>620</xmax><ymax>2989</ymax></bndbox></object><object><name>flower</name><pose>Unspecified</pose><truncated>0</truncated><difficult>0</difficult><bndbox><xmin>708</xmin><ymin>2855</ymin><xmax>728</xmax><ymax>2923</ymax></bndbox></object><object><name>flower</name><pose>Unspecified</pose><truncated>0</truncated><difficult>0</difficult><bndbox><xmin>845</xmin><ymin>2854</ymin><xmax>870</xmax><ymax>2889</ymax></bndbox></object><object><name>flower</name><pose>Unspecified</pose><truncated>0</truncated><difficult>0</difficult><bndbox><xmin>338</xmin><ymin>1701</ymin><xmax>374</xmax><ymax>1742</ymax></bndbox></object><object><name>flower</name><pose>Unspecified</pose><truncated>0</truncated><difficult>0</difficult><bndbox><xmin>639</xmin><ymin>1677</ymin><xmax>667</xmax><ymax>1716</ymax></bndbox></object><object><name>flower</name><pose>Unspecified</pose><truncated>0</truncated><difficult>0</difficult><bndbox><xmin>891</xmin><ymin>1737</ymin><xmax>947</xmax><ymax>1778</ymax></bndbox></object><object><name>flower</name><pose>Unspecified</pose><truncated>0</truncated><difficult>0</difficult><bndbox><xmin>810</xmin><ymin>1146</ymin><xmax>832</xmax><ymax>1184</ymax></bndbox></object><object><name>flower</name><pose>Unspecified</pose><truncated>0</truncated><difficult>0</difficult><bndbox><xmin>1049</xmin><ymin>1645</ymin><xmax>1063</xmax><ymax>1670</ymax></bndbox></object><object><name>flower</name><pose>Unspecified</pose><truncated>0</truncated><difficult>0</difficult><bndbox><xmin>590</xmin><ymin>442</ymin><xmax>617</xmax><ymax>477</ymax></bndbox></object><object><name>flower</name><pose>Unspecified</pose><truncated>0</truncated><difficult>0</difficult><bndbox><xmin>246</xmin><ymin>3314</ymin><xmax>290</xmax><ymax>3370</ymax></bndbox></object><object><name>flower</name><pose>Unspecified</pose><truncated>0</truncated><difficult>0</difficult><bndbox><xmin>1200</xmin><ymin>3560</ymin><xmax>1214</xmax><ymax>3586</ymax></bndbox></object><object><name>flower</name><pose>Unspecified</pose><truncated>0</truncated><difficult>0</difficult><bndbox><xmin>1243</xmin><ymin>3569</ymin><xmax>1256</xmax><ymax>3599</ymax></bndbox></object><object><name>flower</name><pose>Unspecified</pose><truncated>0</truncated><difficult>0</difficult><bndbox><xmin>1187</xmin><ymin>3985</ymin><xmax>1209</xmax><ymax>4023</ymax></bndbox></object><object><name>flower</name><pose>Unspecified</pose><truncated>0</truncated><difficult>0</difficult><bndbox><xmin>1200</xmin><ymin>3958</ymin><xmax>1216</xmax><ymax>4002</ymax></bndbox></object><object><name>flower</name><pose>Unspecified</pose><truncated>0</truncated><difficult>0</difficult><bndbox><xmin>1227</xmin><ymin>3997</ymin><xmax>1247</xmax><ymax>4045</ymax></bndbox></object><object><name>flower</name><pose>Unspecified</pose><truncated>0</truncated><difficult>0</difficult><bndbox><xmin>1249</xmin><ymin>3962</ymin><xmax>1272</xmax><ymax>4006</ymax></bndbox></object><object><name>flower</name><pose>Unspecified</pose><truncated>0</truncated><difficult>0</difficult><bndbox><xmin>945</xmin><ymin>3407</ymin><xmax>960</xmax><ymax>3434</ymax></bndbox></object><object><name>flower</name><pose>Unspecified</pose><truncated>0</truncated><difficult>0</difficult><bndbox><xmin>890</xmin><ymin>4053</ymin><xmax>931</xmax><ymax>4111</ymax></bndbox></object><object><name>cocoa_pod</name><pose>Unspecified</pose><truncated>0</truncated><difficult>0</difficult><bndbox><xmin>1227</xmin><ymin>3442</ymin><xmax>1259</xmax><ymax>3549</ymax></bndbox></object><object><name>flower</name><pose>Unspecified</pose><truncated>0</truncated><difficult>0</difficult><bndbox><xmin>1203</xmin><ymin>2655</ymin><xmax>1233</xmax><ymax>2740</ymax></bndbox></object><object><name>flower</name><pose>Unspecified</pose><truncated>0</truncated><difficult>0</difficult><bndbox><xmin>1187</xmin><ymin>2582</ymin><xmax>1213</xmax><ymax>2619</ymax></bndbox></object><object><name>flower</name><pose>Unspecified</pose><truncated>0</truncated><difficult>0</difficult><bndbox><xmin>1227</xmin><ymin>1950</ymin><xmax>1280</xmax><ymax>2014</ymax></bndbox></object><object><name>flower</name><pose>Unspecified</pose><truncated>0</truncated><difficult>0</difficult><bndbox><xmin>1343</xmin><ymin>1778</ymin><xmax>1374</xmax><ymax>1829</ymax></bndbox></object><object><name>flower</name><pose>Unspecified</pose><truncated>0</truncated><difficult>0</difficult><bndbox><xmin>1583</xmin><ymin>1859</ymin><xmax>1611</xmax><ymax>1906</ymax></bndbox></object><object><name>flower</name><pose>Unspecified</pose><truncated>0</truncated><difficult>0</difficult><bndbox><xmin>1359</xmin><ymin>2145</ymin><xmax>1387</xmax><ymax>2180</ymax></bndbox></object><object><name>flower</name><pose>Unspecified</pose><truncated>0</truncated><difficult>0</difficult><bndbox><xmin>1494</xmin><ymin>2178</ymin><xmax>1515</xmax><ymax>2237</ymax></bndbox></object><object><name>flower</name><pose>Unspecified</pose><truncated>0</truncated><difficult>0</difficult><bndbox><xmin>1545</xmin><ymin>2226</ymin><xmax>1565</xmax><ymax>2270</ymax></bndbox></object><object><name>flower</name><pose>Unspecified</pose><truncated>0</truncated><difficult>0</difficult><bndbox><xmin>1623</xmin><ymin>2210</ymin><xmax>1650</xmax><ymax>2263</ymax></bndbox></object><object><name>flower</name><pose>Unspecified</pose><truncated>0</truncated><difficult>0</difficult><bndbox><xmin>1346</xmin><ymin>4049</ymin><xmax>1366</xmax><ymax>4097</ymax></bndbox></object><object><name>flower</name><pose>Unspecified</pose><truncated>0</truncated><difficult>0</difficult><bndbox><xmin>1314</xmin><ymin>4021</ymin><xmax>1334</xmax><ymax>4105</ymax></bndbox></object><object><name>flower</name><pose>Unspecified</pose><truncated>0</truncated><difficult>0</difficult><bndbox><xmin>1405</xmin><ymin>4035</ymin><xmax>1423</xmax><ymax>4077</ymax></bndbox></object><object><name>flower</name><pose>Unspecified</pose><truncated>0</truncated><difficult>0</difficult><bndbox><xmin>1473</xmin><ymin>3923</ymin><xmax>1484</xmax><ymax>3947</ymax></bndbox></object><object><name>flower</name><pose>Unspecified</pose><truncated>0</truncated><difficult>0</difficult><bndbox><xmin>1526</xmin><ymin>4054</ymin><xmax>1545</xmax><ymax>4107</ymax></bndbox></object><object><name>flower</name><pose>Unspecified</pose><truncated>0</truncated><difficult>0</difficult><bndbox><xmin>1568</xmin><ymin>4067</ymin><xmax>1584</xmax><ymax>4117</ymax></bndbox></object><object><name>cocoa_pod</name><pose>Unspecified</pose><truncated>0</truncated><difficult>0</difficult><bndbox><xmin>1435</xmin><ymin>1945</ymin><xmax>1473</xmax><ymax>1978</ymax></bndbox></object><object><name>cocoa_pod</name><pose>Unspecified</pose><truncated>0</truncated><difficult>0</difficult><bndbox><xmin>1542</xmin><ymin>2034</ymin><xmax>1583</xmax><ymax>2059</ymax></bndbox></object><object><name>cocoa_pod</name><pose>Unspecified</pose><truncated>0</truncated><difficult>0</difficult><bndbox><xmin>1628</xmin><ymin>2078</ymin><xmax>1658</xmax><ymax>2103</ymax></bndbox></object><object><name>cocoa_pod</name><pose>Unspecified</pose><truncated>0</truncated><difficult>0</difficult><bndbox><xmin>1539</xmin><ymin>2005</ymin><xmax>1565</xmax><ymax>2022</ymax></bndbox></object><object><name>cocoa_pod</name><pose>Unspecified</pose><truncated>0</truncated><difficult>0</difficult><bndbox><xmin>1530</xmin><ymin>1990</ymin><xmax>1553</xmax><ymax>2016</ymax></bndbox></object><object><name>cocoa_pod</name><pose>Unspecified</pose><truncated>0</truncated><difficult>0</difficult><bndbox><xmin>1581</xmin><ymin>2016</ymin><xmax>1601</xmax><ymax>2041</ymax></bndbox></object><object><name>cocoa_pod</name><pose>Unspecified</pose><truncated>0</truncated><difficult>0</difficult><bndbox><xmin>1644</xmin><ymin>2055</ymin><xmax>1674</xmax><ymax>2086</ymax></bndbox></object><object><name>cocoa_pod</name><pose>Unspecified</pose><truncated>0</truncated><difficult>0</difficult><bndbox><xmin>1713</xmin><ymin>2075</ymin><xmax>1735</xmax><ymax>2103</ymax></bndbox></object><object><name>flower</name><pose>Unspecified</pose><truncated>0</truncated><difficult>0</difficult><bndbox><xmin>1294</xmin><ymin>2689</ymin><xmax>1317</xmax><ymax>2710</ymax></bndbox></object><object><name>flower</name><pose>Unspecified</pose><truncated>0</truncated><difficult>0</difficult><bndbox><xmin>1570</xmin><ymin>3794</ymin><xmax>1586</xmax><ymax>3809</ymax></bndbox></object><object><name>flower</name><pose>Unspecified</pose><truncated>0</truncated><difficult>0</difficult><bndbox><xmin>1646</xmin><ymin>3818</ymin><xmax>1658</xmax><ymax>3831</ymax></bndbox></object><object><name>cocoa_pod</name><pose>Unspecified</pose><truncated>0</truncated><difficult>0</difficult><bndbox><xmin>1677</xmin><ymin>4035</ymin><xmax>1744</xmax><ymax>4102</ymax></bndbox></object><object><name>cocoa_pod</name><pose>Unspecified</pose><truncated>0</truncated><difficult>0</difficult><bndbox><xmin>1995</xmin><ymin>2380</ymin><xmax>2061</xmax><ymax>2454</ymax></bndbox></object><object><name>flower</name><pose>Unspecified</pose><truncated>0</truncated><difficult>0</difficult><bndbox><xmin>2002</xmin><ymin>2455</ymin><xmax>2025</xmax><ymax>2489</ymax></bndbox></object><object><name>flower</name><pose>Unspecified</pose><truncated>0</truncated><difficult>0</difficult><bndbox><xmin>2112</xmin><ymin>2438</ymin><xmax>2134</xmax><ymax>2465</ymax></bndbox></object><object><name>flower</name><pose>Unspecified</pose><truncated>0</truncated><difficult>0</difficult><bndbox><xmin>2178</xmin><ymin>2448</ymin><xmax>2196</xmax><ymax>2473</ymax></bndbox></object><object><name>flower</name><pose>Unspecified</pose><truncated>0</truncated><difficult>0</difficult><bndbox><xmin>2158</xmin><ymin>2241</ymin><xmax>2178</xmax><ymax>2258</ymax></bndbox></object><object><name>flower</name><pose>Unspecified</pose><truncated>0</truncated><difficult>0</difficult><bndbox><xmin>1864</xmin><ymin>2214</ymin><xmax>1881</xmax><ymax>2237</ymax></bndbox></object><object><name>flower</name><pose>Unspecified</pose><truncated>0</truncated><difficult>0</difficult><bndbox><xmin>1943</xmin><ymin>2221</ymin><xmax>1963</xmax><ymax>2262</ymax></bndbox></object><object><name>flower</name><pose>Unspecified</pose><truncated>0</truncated><difficult>0</difficult><bndbox><xmin>1670</xmin><ymin>2152</ymin><xmax>1709</xmax><ymax>2193</ymax></bndbox></object><object><name>flower</name><pose>Unspecified</pose><truncated>0</truncated><difficult>0</difficult><bndbox><xmin>1883</xmin><ymin>2055</ymin><xmax>1905</xmax><ymax>2092</ymax></bndbox></object><object><name>flower</name><pose>Unspecified</pose><truncated>0</truncated><difficult>0</difficult><bndbox><xmin>1940</xmin><ymin>2051</ymin><xmax>1967</xmax><ymax>2089</ymax></bndbox></object><object><name>flower</name><pose>Unspecified</pose><truncated>0</truncated><difficult>0</difficult><bndbox><xmin>1872</xmin><ymin>1956</ymin><xmax>1917</xmax><ymax>1995</ymax></bndbox></object><object><name>flower</name><pose>Unspecified</pose><truncated>0</truncated><difficult>0</difficult><bndbox><xmin>1896</xmin><ymin>1935</ymin><xmax>1931</xmax><ymax>1968</ymax></bndbox></object><object><name>flower</name><pose>Unspecified</pose><truncated>0</truncated><difficult>0</difficult><bndbox><xmin>1929</xmin><ymin>1985</ymin><xmax>1956</xmax><ymax>2018</ymax></bndbox></object><object><name>flower</name><pose>Unspecified</pose><truncated>0</truncated><difficult>0</difficult><bndbox><xmin>1979</xmin><ymin>2026</ymin><xmax>2010</xmax><ymax>2067</ymax></bndbox></object><object><name>flower</name><pose>Unspecified</pose><truncated>0</truncated><difficult>0</difficult><bndbox><xmin>1959</xmin><ymin>2105</ymin><xmax>2001</xmax><ymax>2137</ymax></bndbox></object><object><name>flower</name><pose>Unspecified</pose><truncated>0</truncated><difficult>0</difficult><bndbox><xmin>2083</xmin><ymin>2118</ymin><xmax>2102</xmax><ymax>2143</ymax></bndbox></object><object><name>flower</name><pose>Unspecified</pose><truncated>0</truncated><difficult>0</difficult><bndbox><xmin>2088</xmin><ymin>2078</ymin><xmax>2112</xmax><ymax>2109</ymax></bndbox></object><object><name>flower</name><pose>Unspecified</pose><truncated>0</truncated><difficult>0</difficult><bndbox><xmin>2115</xmin><ymin>2094</ymin><xmax>2148</xmax><ymax>2141</ymax></bndbox></object><object><name>flower</name><pose>Unspecified</pose><truncated>0</truncated><difficult>0</difficult><bndbox><xmin>2113</xmin><ymin>2036</ymin><xmax>2138</xmax><ymax>2062</ymax></bndbox></object><object><name>flower</name><pose>Unspecified</pose><truncated>0</truncated><difficult>0</difficult><bndbox><xmin>2059</xmin><ymin>1989</ymin><xmax>2087</xmax><ymax>2014</ymax></bndbox></object><object><name>flower</name><pose>Unspecified</pose><truncated>0</truncated><difficult>0</difficult><bndbox><xmin>2208</xmin><ymin>2131</ymin><xmax>2229</xmax><ymax>2148</ymax></bndbox></object><object><name>cocoa_pod</name><pose>Unspecified</pose><truncated>0</truncated><difficult>0</difficult><bndbox><xmin>2224</xmin><ymin>2110</ymin><xmax>2253</xmax><ymax>2135</ymax></bndbox></object><object><name>cocoa_pod</name><pose>Unspecified</pose><truncated>0</truncated><difficult>0</difficult><bndbox><xmin>2219</xmin><ymin>2157</ymin><xmax>2244</xmax><ymax>2178</ymax></bndbox></object><object><name>flower</name><pose>Unspecified</pose><truncated>0</truncated><difficult>0</difficult><bndbox><xmin>1978</xmin><ymin>123</ymin><xmax>1996</xmax><ymax>187</ymax></bndbox></object><object><name>cocoa_pod</name><pose>Unspecified</pose><truncated>0</truncated><difficult>0</difficult><bndbox><xmin>1741</xmin><ymin>225</ymin><xmax>1776</xmax><ymax>253</ymax></bndbox></object><object><name>flower</name><pose>Unspecified</pose><truncated>0</truncated><difficult>0</difficult><bndbox><xmin>1832</xmin><ymin>171</ymin><xmax>1854</xmax><ymax>206</ymax></bndbox></object><object><name>flower</name><pose>Unspecified</pose><truncated>0</truncated><difficult>0</difficult><bndbox><xmin>1772</xmin><ymin>177</ymin><xmax>1787</xmax><ymax>196</ymax></bndbox></object><object><name>flower</name><pose>Unspecified</pose><truncated>0</truncated><difficult>0</difficult><bndbox><xmin>1742</xmin><ymin>175</ymin><xmax>1761</xmax><ymax>210</ymax></bndbox></object><object><name>flower</name><pose>Unspecified</pose><truncated>0</truncated><difficult>0</difficult><bndbox><xmin>2329</xmin><ymin>2414</ymin><xmax>2346</xmax><ymax>2449</ymax></bndbox></object><object><name>flower</name><pose>Unspecified</pose><truncated>0</truncated><difficult>0</difficult><bndbox><xmin>2432</xmin><ymin>2358</ymin><xmax>2461</xmax><ymax>2405</ymax></bndbox></object><object><name>flower</name><pose>Unspecified</pose><truncated>0</truncated><difficult>0</difficult><bndbox><xmin>2505</xmin><ymin>2028</ymin><xmax>2520</xmax><ymax>2065</ymax></bndbox></object><object><name>cocoa_pod</name><pose>Unspecified</pose><truncated>0</truncated><difficult>0</difficult><bndbox><xmin>2539</xmin><ymin>2135</ymin><xmax>2582</xmax><ymax>2178</ymax></bndbox></object><object><name>flower</name><pose>Unspecified</pose><truncated>0</truncated><difficult>0</difficult><bndbox><xmin>2307</xmin><ymin>2195</ymin><xmax>2329</xmax><ymax>2217</ymax></bndbox></object><object><name>flower</name><pose>Unspecified</pose><truncated>0</truncated><difficult>0</difficult><bndbox><xmin>2185</xmin><ymin>2278</ymin><xmax>2208</xmax><ymax>2299</ymax></bndbox></object><object><name>flower</name><pose>Unspecified</pose><truncated>0</truncated><difficult>0</difficult><bndbox><xmin>2226</xmin><ymin>2254</ymin><xmax>2249</xmax><ymax>2285</ymax></bndbox></object><object><name>cocoa_pod</name><pose>Unspecified</pose><truncated>0</truncated><difficult>0</difficult><bndbox><xmin>1622</xmin><ymin>2109</ymin><xmax>1638</xmax><ymax>2120</ymax></bndbox></object><object><name>flower</name><pose>Unspecified</pose><truncated>0</truncated><difficult>0</difficult><bndbox><xmin>1289</xmin><ymin>2010</ymin><xmax>1314</xmax><ymax>2044</ymax></bndbox></object></annotation>