<?xml version='1.0' encoding='utf-8'?>
<annotation>
	<folder>Data</folder>
	<filename>1-4_aug1.jpg</filename>
	<path>/content/drive/MyDrive/deeplearning/Assignment/augmented_data/images/1-4_aug1.jpg</path>
	<source>
		<database>Unknown</database>
	</source>
	<size>
		<width>3120</width>
		<height>4160</height>
		<depth>3</depth>
	</size>
	<segmented>0</segmented>
	<object><name>flower</name><pose>Unspecified</pose><truncated>0</truncated><difficult>0</difficult><bndbox><xmin>592</xmin><ymin>3504</ymin><xmax>627</xmax><ymax>3541</ymax></bndbox></object><object><name>flower</name><pose>Unspecified</pose><truncated>0</truncated><difficult>0</difficult><bndbox><xmin>607</xmin><ymin>3416</ymin><xmax>641</xmax><ymax>3461</ymax></bndbox></object><object><name>flower</name><pose>Unspecified</pose><truncated>0</truncated><difficult>0</difficult><bndbox><xmin>296</xmin><ymin>3329</ymin><xmax>342</xmax><ymax>3381</ymax></bndbox></object><object><name>flower</name><pose>Unspecified</pose><truncated>0</truncated><difficult>0</difficult><bndbox><xmin>661</xmin><ymin>2976</ymin><xmax>703</xmax><ymax>3019</ymax></bndbox></object><object><name>flower</name><pose>Unspecified</pose><truncated>0</truncated><difficult>0</difficult><bndbox><xmin>800</xmin><ymin>2887</ymin><xmax>833</xmax><ymax>2918</ymax></bndbox></object><object><name>flower</name><pose>Unspecified</pose><truncated>0</truncated><difficult>0</difficult><bndbox><xmin>147</xmin><ymin>2605</ymin><xmax>169</xmax><ymax>2628</ymax></bndbox></object><object><name>flower</name><pose>Unspecified</pose><truncated>0</truncated><difficult>0</difficult><bndbox><xmin>468</xmin><ymin>1591</ymin><xmax>502</xmax><ymax>1620</ymax></bndbox></object><object><name>flower</name><pose>Unspecified</pose><truncated>0</truncated><difficult>0</difficult><bndbox><xmin>510</xmin><ymin>1677</ymin><xmax>538</xmax><ymax>1713</ymax></bndbox></object><object><name>flower</name><pose>Unspecified</pose><truncated>0</truncated><difficult>0</difficult><bndbox><xmin>540</xmin><ymin>1710</ymin><xmax>556</xmax><ymax>1728</ymax></bndbox></object><object><name>flower</name><pose>Unspecified</pose><truncated>0</truncated><difficult>0</difficult><bndbox><xmin>579</xmin><ymin>1700</ymin><xmax>624</xmax><ymax>1744</ymax></bndbox></object><object><name>flower</name><pose>Unspecified</pose><truncated>0</truncated><difficult>0</difficult><bndbox><xmin>498</xmin><ymin>1582</ymin><xmax>550</xmax><ymax>1641</ymax></bndbox></object><object><name>flower</name><pose>Unspecified</pose><truncated>0</truncated><difficult>0</difficult><bndbox><xmin>1034</xmin><ymin>2875</ymin><xmax>1069</xmax><ymax>2910</ymax></bndbox></object><object><name>flower</name><pose>Unspecified</pose><truncated>0</truncated><difficult>0</difficult><bndbox><xmin>1417</xmin><ymin>2700</ymin><xmax>1447</xmax><ymax>2735</ymax></bndbox></object><object><name>flower</name><pose>Unspecified</pose><truncated>0</truncated><difficult>0</difficult><bndbox><xmin>1331</xmin><ymin>2775</ymin><xmax>1369</xmax><ymax>2816</ymax></bndbox></object><object><name>flower</name><pose>Unspecified</pose><truncated>0</truncated><difficult>0</difficult><bndbox><xmin>855</xmin><ymin>1836</ymin><xmax>875</xmax><ymax>1861</ymax></bndbox></object><object><name>flower</name><pose>Unspecified</pose><truncated>0</truncated><difficult>0</difficult><bndbox><xmin>969</xmin><ymin>1630</ymin><xmax>989</xmax><ymax>1659</ymax></bndbox></object><object><name>flower</name><pose>Unspecified</pose><truncated>0</truncated><difficult>0</difficult><bndbox><xmin>999</xmin><ymin>1646</ymin><xmax>1022</xmax><ymax>1671</ymax></bndbox></object><object><name>flower</name><pose>Unspecified</pose><truncated>0</truncated><difficult>0</difficult><bndbox><xmin>563</xmin><ymin>1158</ymin><xmax>582</xmax><ymax>1187</ymax></bndbox></object><object><name>flower</name><pose>Unspecified</pose><truncated>0</truncated><difficult>0</difficult><bndbox><xmin>513</xmin><ymin>1354</ymin><xmax>549</xmax><ymax>1394</ymax></bndbox></object><object><name>flower</name><pose>Unspecified</pose><truncated>0</truncated><difficult>0</difficult><bndbox><xmin>695</xmin><ymin>1057</ymin><xmax>715</xmax><ymax>1083</ymax></bndbox></object><object><name>flower</name><pose>Unspecified</pose><truncated>0</truncated><difficult>0</difficult><bndbox><xmin>722</xmin><ymin>1043</ymin><xmax>749</xmax><ymax>1087</ymax></bndbox></object><object><name>flower</name><pose>Unspecified</pose><truncated>0</truncated><difficult>0</difficult><bndbox><xmin>557</xmin><ymin>1049</ymin><xmax>579</xmax><ymax>1075</ymax></bndbox></object><object><name>flower</name><pose>Unspecified</pose><truncated>0</truncated><difficult>0</difficult><bndbox><xmin>675</xmin><ymin>1006</ymin><xmax>695</xmax><ymax>1032</ymax></bndbox></object><object><name>flower</name><pose>Unspecified</pose><truncated>0</truncated><difficult>0</difficult><bndbox><xmin>442</xmin><ymin>547</ymin><xmax>468</xmax><ymax>575</ymax></bndbox></object><object><name>flower</name><pose>Unspecified</pose><truncated>0</truncated><difficult>0</difficult><bndbox><xmin>473</xmin><ymin>539</ymin><xmax>493</xmax><ymax>560</ymax></bndbox></object><object><name>flower</name><pose>Unspecified</pose><truncated>0</truncated><difficult>0</difficult><bndbox><xmin>516</xmin><ymin>527</ymin><xmax>532</xmax><ymax>545</ymax></bndbox></object><object><name>flower</name><pose>Unspecified</pose><truncated>0</truncated><difficult>0</difficult><bndbox><xmin>524</xmin><ymin>544</ymin><xmax>548</xmax><ymax>572</ymax></bndbox></object><object><name>flower</name><pose>Unspecified</pose><truncated>0</truncated><difficult>0</difficult><bndbox><xmin>724</xmin><ymin>924</ymin><xmax>750</xmax><ymax>962</ymax></bndbox></object><object><name>flower</name><pose>Unspecified</pose><truncated>0</truncated><difficult>0</difficult><bndbox><xmin>725</xmin><ymin>991</ymin><xmax>746</xmax><ymax>1018</ymax></bndbox></object><object><name>flower</name><pose>Unspecified</pose><truncated>0</truncated><difficult>0</difficult><bndbox><xmin>805</xmin><ymin>1038</ymin><xmax>820</xmax><ymax>1055</ymax></bndbox></object><object><name>flower</name><pose>Unspecified</pose><truncated>0</truncated><difficult>0</difficult><bndbox><xmin>828</xmin><ymin>942</ymin><xmax>855</xmax><ymax>961</ymax></bndbox></object><object><name>flower</name><pose>Unspecified</pose><truncated>0</truncated><difficult>0</difficult><bndbox><xmin>665</xmin><ymin>778</ymin><xmax>688</xmax><ymax>805</ymax></bndbox></object><object><name>flower</name><pose>Unspecified</pose><truncated>0</truncated><difficult>0</difficult><bndbox><xmin>733</xmin><ymin>851</ymin><xmax>748</xmax><ymax>867</ymax></bndbox></object><object><name>flower</name><pose>Unspecified</pose><truncated>0</truncated><difficult>0</difficult><bndbox><xmin>756</xmin><ymin>860</ymin><xmax>774</xmax><ymax>881</ymax></bndbox></object><object><name>flower</name><pose>Unspecified</pose><truncated>0</truncated><difficult>0</difficult><bndbox><xmin>576</xmin><ymin>687</ymin><xmax>596</xmax><ymax>709</ymax></bndbox></object><object><name>flower</name><pose>Unspecified</pose><truncated>0</truncated><difficult>0</difficult><bndbox><xmin>779</xmin><ymin>583</ymin><xmax>799</xmax><ymax>609</ymax></bndbox></object><object><name>flower</name><pose>Unspecified</pose><truncated>0</truncated><difficult>0</difficult><bndbox><xmin>881</xmin><ymin>502</ymin><xmax>915</xmax><ymax>539</ymax></bndbox></object><object><name>flower</name><pose>Unspecified</pose><truncated>0</truncated><difficult>0</difficult><bndbox><xmin>932</xmin><ymin>546</ymin><xmax>951</xmax><ymax>568</ymax></bndbox></object><object><name>flower</name><pose>Unspecified</pose><truncated>0</truncated><difficult>0</difficult><bndbox><xmin>914</xmin><ymin>877</ymin><xmax>931</xmax><ymax>903</ymax></bndbox></object><object><name>flower</name><pose>Unspecified</pose><truncated>0</truncated><difficult>0</difficult><bndbox><xmin>1030</xmin><ymin>1059</ymin><xmax>1064</xmax><ymax>1108</ymax></bndbox></object><object><name>flower</name><pose>Unspecified</pose><truncated>0</truncated><difficult>0</difficult><bndbox><xmin>1066</xmin><ymin>1043</ymin><xmax>1099</xmax><ymax>1089</ymax></bndbox></object><object><name>flower</name><pose>Unspecified</pose><truncated>0</truncated><difficult>0</difficult><bndbox><xmin>1106</xmin><ymin>1015</ymin><xmax>1138</xmax><ymax>1052</ymax></bndbox></object><object><name>flower</name><pose>Unspecified</pose><truncated>0</truncated><difficult>0</difficult><bndbox><xmin>1142</xmin><ymin>811</ymin><xmax>1157</xmax><ymax>829</ymax></bndbox></object><object><name>flower</name><pose>Unspecified</pose><truncated>0</truncated><difficult>0</difficult><bndbox><xmin>874</xmin><ymin>1153</ymin><xmax>893</xmax><ymax>1172</ymax></bndbox></object><object><name>flower</name><pose>Unspecified</pose><truncated>0</truncated><difficult>0</difficult><bndbox><xmin>936</xmin><ymin>1147</ymin><xmax>968</xmax><ymax>1185</ymax></bndbox></object><object><name>flower</name><pose>Unspecified</pose><truncated>0</truncated><difficult>0</difficult><bndbox><xmin>962</xmin><ymin>1133</ymin><xmax>997</xmax><ymax>1170</ymax></bndbox></object><object><name>flower</name><pose>Unspecified</pose><truncated>0</truncated><difficult>0</difficult><bndbox><xmin>826</xmin><ymin>1619</ymin><xmax>848</xmax><ymax>1641</ymax></bndbox></object><object><name>flower</name><pose>Unspecified</pose><truncated>0</truncated><difficult>0</difficult><bndbox><xmin>947</xmin><ymin>1560</ymin><xmax>968</xmax><ymax>1586</ymax></bndbox></object><object><name>flower</name><pose>Unspecified</pose><truncated>0</truncated><difficult>0</difficult><bndbox><xmin>905</xmin><ymin>1448</ymin><xmax>929</xmax><ymax>1473</ymax></bndbox></object><object><name>flower</name><pose>Unspecified</pose><truncated>0</truncated><difficult>0</difficult><bndbox><xmin>917</xmin><ymin>1486</ymin><xmax>934</xmax><ymax>1505</ymax></bndbox></object><object><name>cocoa_pod</name><pose>Unspecified</pose><truncated>0</truncated><difficult>0</difficult><bndbox><xmin>912</xmin><ymin>1217</ymin><xmax>942</xmax><ymax>1241</ymax></bndbox></object><object><name>cocoa_pod</name><pose>Unspecified</pose><truncated>0</truncated><difficult>0</difficult><bndbox><xmin>1071</xmin><ymin>1684</ymin><xmax>1131</xmax><ymax>1748</ymax></bndbox></object><object><name>flower</name><pose>Unspecified</pose><truncated>0</truncated><difficult>0</difficult><bndbox><xmin>1596</xmin><ymin>2660</ymin><xmax>1628</xmax><ymax>2696</ymax></bndbox></object><object><name>flower</name><pose>Unspecified</pose><truncated>0</truncated><difficult>0</difficult><bndbox><xmin>1740</xmin><ymin>2598</ymin><xmax>1767</xmax><ymax>2625</ymax></bndbox></object><object><name>flower</name><pose>Unspecified</pose><truncated>0</truncated><difficult>0</difficult><bndbox><xmin>1626</xmin><ymin>2557</ymin><xmax>1658</xmax><ymax>2588</ymax></bndbox></object><object><name>flower</name><pose>Unspecified</pose><truncated>0</truncated><difficult>0</difficult><bndbox><xmin>1899</xmin><ymin>2657</ymin><xmax>1943</xmax><ymax>2705</ymax></bndbox></object><object><name>flower</name><pose>Unspecified</pose><truncated>0</truncated><difficult>0</difficult><bndbox><xmin>2017</xmin><ymin>2643</ymin><xmax>2068</xmax><ymax>2698</ymax></bndbox></object><object><name>flower</name><pose>Unspecified</pose><truncated>0</truncated><difficult>0</difficult><bndbox><xmin>1947</xmin><ymin>2568</ymin><xmax>1979</xmax><ymax>2607</ymax></bndbox></object><object><name>flower</name><pose>Unspecified</pose><truncated>0</truncated><difficult>0</difficult><bndbox><xmin>1964</xmin><ymin>2499</ymin><xmax>1993</xmax><ymax>2539</ymax></bndbox></object><object><name>flower</name><pose>Unspecified</pose><truncated>0</truncated><difficult>0</difficult><bndbox><xmin>1986</xmin><ymin>2501</ymin><xmax>2006</xmax><ymax>2529</ymax></bndbox></object><object><name>flower</name><pose>Unspecified</pose><truncated>0</truncated><difficult>0</difficult><bndbox><xmin>1298</xmin><ymin>1898</ymin><xmax>1318</xmax><ymax>1919</ymax></bndbox></object><object><name>flower</name><pose>Unspecified</pose><truncated>0</truncated><difficult>0</difficult><bndbox><xmin>1369</xmin><ymin>1934</ymin><xmax>1387</xmax><ymax>1952</ymax></bndbox></object><object><name>flower</name><pose>Unspecified</pose><truncated>0</truncated><difficult>0</difficult><bndbox><xmin>1401</xmin><ymin>1949</ymin><xmax>1418</xmax><ymax>1972</ymax></bndbox></object><object><name>flower</name><pose>Unspecified</pose><truncated>0</truncated><difficult>0</difficult><bndbox><xmin>1392</xmin><ymin>1902</ymin><xmax>1413</xmax><ymax>1924</ymax></bndbox></object><object><name>flower</name><pose>Unspecified</pose><truncated>0</truncated><difficult>0</difficult><bndbox><xmin>1554</xmin><ymin>1959</ymin><xmax>1595</xmax><ymax>2015</ymax></bndbox></object><object><name>flower</name><pose>Unspecified</pose><truncated>0</truncated><difficult>0</difficult><bndbox><xmin>1571</xmin><ymin>1905</ymin><xmax>1601</xmax><ymax>1938</ymax></bndbox></object><object><name>cocoa_pod</name><pose>Unspecified</pose><truncated>0</truncated><difficult>0</difficult><bndbox><xmin>1119</xmin><ymin>1056</ymin><xmax>1159</xmax><ymax>1127</ymax></bndbox></object><object><name>cocoa_pod</name><pose>Unspecified</pose><truncated>0</truncated><difficult>0</difficult><bndbox><xmin>1169</xmin><ymin>976</ymin><xmax>1250</xmax><ymax>1053</ymax></bndbox></object><object><name>cocoa_pod</name><pose>Unspecified</pose><truncated>0</truncated><difficult>0</difficult><bndbox><xmin>1010</xmin><ymin>667</ymin><xmax>1038</xmax><ymax>711</ymax></bndbox></object><object><name>cocoa_pod</name><pose>Unspecified</pose><truncated>0</truncated><difficult>0</difficult><bndbox><xmin>1109</xmin><ymin>682</ymin><xmax>1139</xmax><ymax>706</ymax></bndbox></object><object><name>cocoa_pod</name><pose>Unspecified</pose><truncated>0</truncated><difficult>0</difficult><bndbox><xmin>1090</xmin><ymin>568</ymin><xmax>1134</xmax><ymax>614</ymax></bndbox></object><object><name>cocoa_pod</name><pose>Unspecified</pose><truncated>0</truncated><difficult>0</difficult><bndbox><xmin>1896</xmin><ymin>1950</ymin><xmax>1962</xmax><ymax>2031</ymax></bndbox></object><object><name>flower</name><pose>Unspecified</pose><truncated>0</truncated><difficult>0</difficult><bndbox><xmin>1794</xmin><ymin>1971</ymin><xmax>1816</xmax><ymax>1993</ymax></bndbox></object><object><name>flower</name><pose>Unspecified</pose><truncated>0</truncated><difficult>0</difficult><bndbox><xmin>2086</xmin><ymin>2475</ymin><xmax>2104</xmax><ymax>2493</ymax></bndbox></object><object><name>flower</name><pose>Unspecified</pose><truncated>0</truncated><difficult>0</difficult><bndbox><xmin>2103</xmin><ymin>2376</ymin><xmax>2125</xmax><ymax>2401</ymax></bndbox></object><object><name>flower</name><pose>Unspecified</pose><truncated>0</truncated><difficult>0</difficult><bndbox><xmin>2170</xmin><ymin>2520</ymin><xmax>2187</xmax><ymax>2541</ymax></bndbox></object><object><name>flower</name><pose>Unspecified</pose><truncated>0</truncated><difficult>0</difficult><bndbox><xmin>2218</xmin><ymin>2100</ymin><xmax>2260</xmax><ymax>2137</ymax></bndbox></object><object><name>flower</name><pose>Unspecified</pose><truncated>0</truncated><difficult>0</difficult><bndbox><xmin>2076</xmin><ymin>2057</ymin><xmax>2105</xmax><ymax>2088</ymax></bndbox></object><object><name>flower</name><pose>Unspecified</pose><truncated>0</truncated><difficult>0</difficult><bndbox><xmin>2339</xmin><ymin>2032</ymin><xmax>2365</xmax><ymax>2056</ymax></bndbox></object><object><name>flower</name><pose>Unspecified</pose><truncated>0</truncated><difficult>0</difficult><bndbox><xmin>2348</xmin><ymin>2040</ymin><xmax>2386</xmax><ymax>2068</ymax></bndbox></object><object><name>flower</name><pose>Unspecified</pose><truncated>0</truncated><difficult>0</difficult><bndbox><xmin>2423</xmin><ymin>2148</ymin><xmax>2465</xmax><ymax>2186</ymax></bndbox></object><object><name>flower</name><pose>Unspecified</pose><truncated>0</truncated><difficult>0</difficult><bndbox><xmin>2402</xmin><ymin>2103</ymin><xmax>2442</xmax><ymax>2150</ymax></bndbox></object><object><name>flower</name><pose>Unspecified</pose><truncated>0</truncated><difficult>0</difficult><bndbox><xmin>2491</xmin><ymin>2133</ymin><xmax>2535</xmax><ymax>2174</ymax></bndbox></object><object><name>flower</name><pose>Unspecified</pose><truncated>0</truncated><difficult>0</difficult><bndbox><xmin>2566</xmin><ymin>2081</ymin><xmax>2601</xmax><ymax>2115</ymax></bndbox></object><object><name>flower</name><pose>Unspecified</pose><truncated>0</truncated><difficult>0</difficult><bndbox><xmin>2371</xmin><ymin>1969</ymin><xmax>2403</xmax><ymax>2000</ymax></bndbox></object><object><name>cocoa_pod</name><pose>Unspecified</pose><truncated>0</truncated><difficult>0</difficult><bndbox><xmin>2599</xmin><ymin>2211</ymin><xmax>2649</xmax><ymax>2270</ymax></bndbox></object></annotation>