<?xml version='1.0' encoding='utf-8'?>
<annotation>
	<folder>Data</folder>
	<filename>1-4_aug2.jpg</filename>
	<path>/content/drive/MyDrive/deeplearning/Assignment/augmented_data/images/1-4_aug2.jpg</path>
	<source>
		<database>Unknown</database>
	</source>
	<size>
		<width>3120</width>
		<height>4160</height>
		<depth>3</depth>
	</size>
	<segmented>0</segmented>
	<object><name>flower</name><pose>Unspecified</pose><truncated>0</truncated><difficult>0</difficult><bndbox><xmin>763</xmin><ymin>180</ymin><xmax>780</xmax><ymax>197</ymax></bndbox></object><object><name>flower</name><pose>Unspecified</pose><truncated>0</truncated><difficult>0</difficult><bndbox><xmin>198</xmin><ymin>1310</ymin><xmax>223</xmax><ymax>1340</ymax></bndbox></object><object><name>flower</name><pose>Unspecified</pose><truncated>0</truncated><difficult>0</difficult><bndbox><xmin>248</xmin><ymin>1376</ymin><xmax>266</xmax><ymax>1415</ymax></bndbox></object><object><name>flower</name><pose>Unspecified</pose><truncated>0</truncated><difficult>0</difficult><bndbox><xmin>0</xmin><ymin>1572</ymin><xmax>31</xmax><ymax>1614</ymax></bndbox></object><object><name>flower</name><pose>Unspecified</pose><truncated>0</truncated><difficult>0</difficult><bndbox><xmin>466</xmin><ymin>1757</ymin><xmax>497</xmax><ymax>1790</ymax></bndbox></object><object><name>flower</name><pose>Unspecified</pose><truncated>0</truncated><difficult>0</difficult><bndbox><xmin>627</xmin><ymin>1796</ymin><xmax>652</xmax><ymax>1818</ymax></bndbox></object><object><name>flower</name><pose>Unspecified</pose><truncated>0</truncated><difficult>0</difficult><bndbox><xmin>152</xmin><ymin>2319</ymin><xmax>168</xmax><ymax>2337</ymax></bndbox></object><object><name>flower</name><pose>Unspecified</pose><truncated>0</truncated><difficult>0</difficult><bndbox><xmin>320</xmin><ymin>3690</ymin><xmax>356</xmax><ymax>3728</ymax></bndbox></object><object><name>flower</name><pose>Unspecified</pose><truncated>0</truncated><difficult>0</difficult><bndbox><xmin>408</xmin><ymin>3580</ymin><xmax>432</xmax><ymax>3605</ymax></bndbox></object><object><name>flower</name><pose>Unspecified</pose><truncated>0</truncated><difficult>0</difficult><bndbox><xmin>836</xmin><ymin>3107</ymin><xmax>863</xmax><ymax>3128</ymax></bndbox></object><object><name>flower</name><pose>Unspecified</pose><truncated>0</truncated><difficult>0</difficult><bndbox><xmin>841</xmin><ymin>3005</ymin><xmax>858</xmax><ymax>3037</ymax></bndbox></object><object><name>flower</name><pose>Unspecified</pose><truncated>0</truncated><difficult>0</difficult><bndbox><xmin>891</xmin><ymin>2949</ymin><xmax>926</xmax><ymax>2982</ymax></bndbox></object><object><name>flower</name><pose>Unspecified</pose><truncated>0</truncated><difficult>0</difficult><bndbox><xmin>864</xmin><ymin>3073</ymin><xmax>899</xmax><ymax>3121</ymax></bndbox></object><object><name>flower</name><pose>Unspecified</pose><truncated>0</truncated><difficult>0</difficult><bndbox><xmin>841</xmin><ymin>1710</ymin><xmax>868</xmax><ymax>1736</ymax></bndbox></object><object><name>flower</name><pose>Unspecified</pose><truncated>0</truncated><difficult>0</difficult><bndbox><xmin>1255</xmin><ymin>1717</ymin><xmax>1275</xmax><ymax>1746</ymax></bndbox></object><object><name>flower</name><pose>Unspecified</pose><truncated>0</truncated><difficult>0</difficult><bndbox><xmin>1147</xmin><ymin>1677</ymin><xmax>1174</xmax><ymax>1709</ymax></bndbox></object><object><name>flower</name><pose>Unspecified</pose><truncated>0</truncated><difficult>0</difficult><bndbox><xmin>1089</xmin><ymin>2736</ymin><xmax>1102</xmax><ymax>2757</ymax></bndbox></object><object><name>flower</name><pose>Unspecified</pose><truncated>0</truncated><difficult>0</difficult><bndbox><xmin>1293</xmin><ymin>2851</ymin><xmax>1309</xmax><ymax>2872</ymax></bndbox></object><object><name>flower</name><pose>Unspecified</pose><truncated>0</truncated><difficult>0</difficult><bndbox><xmin>968</xmin><ymin>3294</ymin><xmax>993</xmax><ymax>3326</ymax></bndbox></object><object><name>flower</name><pose>Unspecified</pose><truncated>0</truncated><difficult>0</difficult><bndbox><xmin>1251</xmin><ymin>3506</ymin><xmax>1262</xmax><ymax>3529</ymax></bndbox></object><object><name>flower</name><pose>Unspecified</pose><truncated>0</truncated><difficult>0</difficult><bndbox><xmin>1280</xmin><ymin>3489</ymin><xmax>1291</xmax><ymax>3532</ymax></bndbox></object><object><name>flower</name><pose>Unspecified</pose><truncated>0</truncated><difficult>0</difficult><bndbox><xmin>1130</xmin><ymin>3567</ymin><xmax>1143</xmax><ymax>3590</ymax></bndbox></object><object><name>flower</name><pose>Unspecified</pose><truncated>0</truncated><difficult>0</difficult><bndbox><xmin>1253</xmin><ymin>3561</ymin><xmax>1264</xmax><ymax>3584</ymax></bndbox></object><object><name>flower</name><pose>Unspecified</pose><truncated>0</truncated><difficult>0</difficult><bndbox><xmin>1221</xmin><ymin>4069</ymin><xmax>1241</xmax><ymax>4090</ymax></bndbox></object><object><name>flower</name><pose>Unspecified</pose><truncated>0</truncated><difficult>0</difficult><bndbox><xmin>1254</xmin><ymin>4070</ymin><xmax>1268</xmax><ymax>4087</ymax></bndbox></object><object><name>flower</name><pose>Unspecified</pose><truncated>0</truncated><difficult>0</difficult><bndbox><xmin>1298</xmin><ymin>4038</ymin><xmax>1313</xmax><ymax>4062</ymax></bndbox></object><object><name>flower</name><pose>Unspecified</pose><truncated>0</truncated><difficult>0</difficult><bndbox><xmin>1328</xmin><ymin>3602</ymin><xmax>1341</xmax><ymax>3638</ymax></bndbox></object><object><name>flower</name><pose>Unspecified</pose><truncated>0</truncated><difficult>0</difficult><bndbox><xmin>1303</xmin><ymin>3553</ymin><xmax>1315</xmax><ymax>3577</ymax></bndbox></object><object><name>flower</name><pose>Unspecified</pose><truncated>0</truncated><difficult>0</difficult><bndbox><xmin>1333</xmin><ymin>3770</ymin><xmax>1347</xmax><ymax>3794</ymax></bndbox></object><object><name>flower</name><pose>Unspecified</pose><truncated>0</truncated><difficult>0</difficult><bndbox><xmin>1382</xmin><ymin>3666</ymin><xmax>1395</xmax><ymax>3683</ymax></bndbox></object><object><name>flower</name><pose>Unspecified</pose><truncated>0</truncated><difficult>0</difficult><bndbox><xmin>1288</xmin><ymin>3894</ymin><xmax>1302</xmax><ymax>3912</ymax></bndbox></object><object><name>flower</name><pose>Unspecified</pose><truncated>0</truncated><difficult>0</difficult><bndbox><xmin>1512</xmin><ymin>3904</ymin><xmax>1523</xmax><ymax>3928</ymax></bndbox></object><object><name>flower</name><pose>Unspecified</pose><truncated>0</truncated><difficult>0</difficult><bndbox><xmin>1633</xmin><ymin>3926</ymin><xmax>1656</xmax><ymax>3955</ymax></bndbox></object><object><name>flower</name><pose>Unspecified</pose><truncated>0</truncated><difficult>0</difficult><bndbox><xmin>1664</xmin><ymin>3881</ymin><xmax>1676</xmax><ymax>3900</ymax></bndbox></object><object><name>flower</name><pose>Unspecified</pose><truncated>0</truncated><difficult>0</difficult><bndbox><xmin>1550</xmin><ymin>3347</ymin><xmax>1567</xmax><ymax>3393</ymax></bndbox></object><object><name>flower</name><pose>Unspecified</pose><truncated>0</truncated><difficult>0</difficult><bndbox><xmin>1589</xmin><ymin>3350</ymin><xmax>1606</xmax><ymax>3393</ymax></bndbox></object><object><name>flower</name><pose>Unspecified</pose><truncated>0</truncated><difficult>0</difficult><bndbox><xmin>1635</xmin><ymin>3370</ymin><xmax>1656</xmax><ymax>3401</ymax></bndbox></object><object><name>flower</name><pose>Unspecified</pose><truncated>0</truncated><difficult>0</difficult><bndbox><xmin>1374</xmin><ymin>3355</ymin><xmax>1388</xmax><ymax>3370</ymax></bndbox></object><object><name>flower</name><pose>Unspecified</pose><truncated>0</truncated><difficult>0</difficult><bndbox><xmin>1430</xmin><ymin>3317</ymin><xmax>1451</xmax><ymax>3349</ymax></bndbox></object><object><name>flower</name><pose>Unspecified</pose><truncated>0</truncated><difficult>0</difficult><bndbox><xmin>1458</xmin><ymin>3321</ymin><xmax>1484</xmax><ymax>3349</ymax></bndbox></object><object><name>flower</name><pose>Unspecified</pose><truncated>0</truncated><difficult>0</difficult><bndbox><xmin>1149</xmin><ymin>2948</ymin><xmax>1163</xmax><ymax>2965</ymax></bndbox></object><object><name>flower</name><pose>Unspecified</pose><truncated>0</truncated><difficult>0</difficult><bndbox><xmin>1280</xmin><ymin>2949</ymin><xmax>1293</xmax><ymax>2971</ymax></bndbox></object><object><name>flower</name><pose>Unspecified</pose><truncated>0</truncated><difficult>0</difficult><bndbox><xmin>1286</xmin><ymin>3069</ymin><xmax>1302</xmax><ymax>3089</ymax></bndbox></object><object><name>flower</name><pose>Unspecified</pose><truncated>0</truncated><difficult>0</difficult><bndbox><xmin>1282</xmin><ymin>3035</ymin><xmax>1293</xmax><ymax>3051</ymax></bndbox></object><object><name>cocoa_pod</name><pose>Unspecified</pose><truncated>0</truncated><difficult>0</difficult><bndbox><xmin>1380</xmin><ymin>3278</ymin><xmax>1407</xmax><ymax>3291</ymax></bndbox></object><object><name>cocoa_pod</name><pose>Unspecified</pose><truncated>0</truncated><difficult>0</difficult><bndbox><xmin>1338</xmin><ymin>2748</ymin><xmax>1380</xmax><ymax>2798</ymax></bndbox></object><object><name>flower</name><pose>Unspecified</pose><truncated>0</truncated><difficult>0</difficult><bndbox><xmin>1431</xmin><ymin>1681</ymin><xmax>1453</xmax><ymax>1710</ymax></bndbox></object><object><name>flower</name><pose>Unspecified</pose><truncated>0</truncated><difficult>0</difficult><bndbox><xmin>1585</xmin><ymin>1690</ymin><xmax>1605</xmax><ymax>1710</ymax></bndbox></object><object><name>flower</name><pose>Unspecified</pose><truncated>0</truncated><difficult>0</difficult><bndbox><xmin>1498</xmin><ymin>1769</ymin><xmax>1523</xmax><ymax>1792</ymax></bndbox></object><object><name>flower</name><pose>Unspecified</pose><truncated>0</truncated><difficult>0</difficult><bndbox><xmin>1703</xmin><ymin>1551</ymin><xmax>1733</xmax><ymax>1590</ymax></bndbox></object><object><name>flower</name><pose>Unspecified</pose><truncated>0</truncated><difficult>0</difficult><bndbox><xmin>1814</xmin><ymin>1510</ymin><xmax>1849</xmax><ymax>1554</ymax></bndbox></object><object><name>flower</name><pose>Unspecified</pose><truncated>0</truncated><difficult>0</difficult><bndbox><xmin>1783</xmin><ymin>1622</ymin><xmax>1802</xmax><ymax>1655</ymax></bndbox></object><object><name>flower</name><pose>Unspecified</pose><truncated>0</truncated><difficult>0</difficult><bndbox><xmin>1826</xmin><ymin>1677</ymin><xmax>1841</xmax><ymax>1713</ymax></bndbox></object><object><name>flower</name><pose>Unspecified</pose><truncated>0</truncated><difficult>0</difficult><bndbox><xmin>1845</xmin><ymin>1679</ymin><xmax>1856</xmax><ymax>1705</ymax></bndbox></object><object><name>flower</name><pose>Unspecified</pose><truncated>0</truncated><difficult>0</difficult><bndbox><xmin>1463</xmin><ymin>2507</ymin><xmax>1477</xmax><ymax>2525</ymax></bndbox></object><object><name>flower</name><pose>Unspecified</pose><truncated>0</truncated><difficult>0</difficult><bndbox><xmin>1513</xmin><ymin>2450</ymin><xmax>1526</xmax><ymax>2463</ymax></bndbox></object><object><name>flower</name><pose>Unspecified</pose><truncated>0</truncated><difficult>0</difficult><bndbox><xmin>1545</xmin><ymin>2466</ymin><xmax>1560</xmax><ymax>2484</ymax></bndbox></object><object><name>flower</name><pose>Unspecified</pose><truncated>0</truncated><difficult>0</difficult><bndbox><xmin>1668</xmin><ymin>2314</ymin><xmax>1690</xmax><ymax>2365</ymax></bndbox></object><object><name>flower</name><pose>Unspecified</pose><truncated>0</truncated><difficult>0</difficult><bndbox><xmin>1704</xmin><ymin>2381</ymin><xmax>1725</xmax><ymax>2408</ymax></bndbox></object><object><name>cocoa_pod</name><pose>Unspecified</pose><truncated>0</truncated><difficult>0</difficult><bndbox><xmin>1632</xmin><ymin>3290</ymin><xmax>1643</xmax><ymax>3362</ymax></bndbox></object><object><name>cocoa_pod</name><pose>Unspecified</pose><truncated>0</truncated><difficult>0</difficult><bndbox><xmin>1700</xmin><ymin>3341</ymin><xmax>1763</xmax><ymax>3396</ymax></bndbox></object><object><name>cocoa_pod</name><pose>Unspecified</pose><truncated>0</truncated><difficult>0</difficult><bndbox><xmin>1686</xmin><ymin>3717</ymin><xmax>1697</xmax><ymax>3759</ymax></bndbox></object><object><name>cocoa_pod</name><pose>Unspecified</pose><truncated>0</truncated><difficult>0</difficult><bndbox><xmin>1767</xmin><ymin>3686</ymin><xmax>1793</xmax><ymax>3701</ymax></bndbox></object><object><name>cocoa_pod</name><pose>Unspecified</pose><truncated>0</truncated><difficult>0</difficult><bndbox><xmin>1794</xmin><ymin>3774</ymin><xmax>1825</xmax><ymax>3810</ymax></bndbox></object><object><name>cocoa_pod</name><pose>Unspecified</pose><truncated>0</truncated><difficult>0</difficult><bndbox><xmin>1975</xmin><ymin>2161</ymin><xmax>2016</xmax><ymax>2230</ymax></bndbox></object><object><name>flower</name><pose>Unspecified</pose><truncated>0</truncated><difficult>0</difficult><bndbox><xmin>1880</xmin><ymin>2243</ymin><xmax>1895</xmax><ymax>2261</ymax></bndbox></object><object><name>flower</name><pose>Unspecified</pose><truncated>0</truncated><difficult>0</difficult><bndbox><xmin>1945</xmin><ymin>1674</ymin><xmax>1959</xmax><ymax>1687</ymax></bndbox></object><object><name>flower</name><pose>Unspecified</pose><truncated>0</truncated><difficult>0</difficult><bndbox><xmin>1999</xmin><ymin>1750</ymin><xmax>2014</xmax><ymax>1770</ymax></bndbox></object><object><name>flower</name><pose>Unspecified</pose><truncated>0</truncated><difficult>0</difficult><bndbox><xmin>2003</xmin><ymin>1597</ymin><xmax>2014</xmax><ymax>1614</ymax></bndbox></object><object><name>flower</name><pose>Unspecified</pose><truncated>0</truncated><difficult>0</difficult><bndbox><xmin>2208</xmin><ymin>1943</ymin><xmax>2240</xmax><ymax>1969</ymax></bndbox></object><object><name>flower</name><pose>Unspecified</pose><truncated>0</truncated><difficult>0</difficult><bndbox><xmin>2099</xmin><ymin>2045</ymin><xmax>2119</xmax><ymax>2069</ymax></bndbox></object><object><name>flower</name><pose>Unspecified</pose><truncated>0</truncated><difficult>0</difficult><bndbox><xmin>2345</xmin><ymin>1970</ymin><xmax>2365</xmax><ymax>1988</ymax></bndbox></object><object><name>flower</name><pose>Unspecified</pose><truncated>0</truncated><difficult>0</difficult><bndbox><xmin>2347</xmin><ymin>1957</ymin><xmax>2381</xmax><ymax>1971</ymax></bndbox></object><object><name>flower</name><pose>Unspecified</pose><truncated>0</truncated><difficult>0</difficult><bndbox><xmin>2372</xmin><ymin>1818</ymin><xmax>2406</xmax><ymax>1843</ymax></bndbox></object><object><name>flower</name><pose>Unspecified</pose><truncated>0</truncated><difficult>0</difficult><bndbox><xmin>2372</xmin><ymin>1857</ymin><xmax>2399</xmax><ymax>1896</ymax></bndbox></object><object><name>flower</name><pose>Unspecified</pose><truncated>0</truncated><difficult>0</difficult><bndbox><xmin>2439</xmin><ymin>1801</ymin><xmax>2474</xmax><ymax>1830</ymax></bndbox></object><object><name>flower</name><pose>Unspecified</pose><truncated>0</truncated><difficult>0</difficult><bndbox><xmin>2528</xmin><ymin>1826</ymin><xmax>2555</xmax><ymax>1851</ymax></bndbox></object><object><name>flower</name><pose>Unspecified</pose><truncated>0</truncated><difficult>0</difficult><bndbox><xmin>2398</xmin><ymin>2007</ymin><xmax>2421</xmax><ymax>2031</ymax></bndbox></object><object><name>cocoa_pod</name><pose>Unspecified</pose><truncated>0</truncated><difficult>0</difficult><bndbox><xmin>2506</xmin><ymin>1668</ymin><xmax>2538</xmax><ymax>1718</ymax></bndbox></object></annotation>