<?xml version='1.0' encoding='utf-8'?>
<annotation>
	<folder>Data</folder>
	<filename>2_1_aug3.jpg</filename>
	<path>/content/drive/MyDrive/deeplearning/Assignment/augmented_data/images/2_1_aug3.jpg</path>
	<source>
		<database>Unknown</database>
	</source>
	<size>
		<width>3456</width>
		<height>4608</height>
		<depth>3</depth>
	</size>
	<segmented>0</segmented>
	<object><name>cocoa_pod</name><pose>Unspecified</pose><truncated>0</truncated><difficult>0</difficult><bndbox><xmin>1853</xmin><ymin>4125</ymin><xmax>1899</xmax><ymax>4227</ymax></bndbox></object><object><name>flower</name><pose>Unspecified</pose><truncated>0</truncated><difficult>0</difficult><bndbox><xmin>1836</xmin><ymin>3931</ymin><xmax>1853</xmax><ymax>3956</ymax></bndbox></object><object><name>cocoa_pod</name><pose>Unspecified</pose><truncated>0</truncated><difficult>0</difficult><bndbox><xmin>1911</xmin><ymin>3669</ymin><xmax>2104</xmax><ymax>3944</ymax></bndbox></object><object><name>cocoa_pod</name><pose>Unspecified</pose><truncated>0</truncated><difficult>0</difficult><bndbox><xmin>1801</xmin><ymin>3062</ymin><xmax>2005</xmax><ymax>3318</ymax></bndbox></object><object><name>cocoa_pod</name><pose>Unspecified</pose><truncated>0</truncated><difficult>0</difficult><bndbox><xmin>1866</xmin><ymin>2853</ymin><xmax>1934</xmax><ymax>2950</ymax></bndbox></object><object><name>cocoa_pod</name><pose>Unspecified</pose><truncated>0</truncated><difficult>0</difficult><bndbox><xmin>1878</xmin><ymin>2995</ymin><xmax>2055</xmax><ymax>3261</ymax></bndbox></object><object><name>cocoa_pod</name><pose>Unspecified</pose><truncated>0</truncated><difficult>0</difficult><bndbox><xmin>1673</xmin><ymin>2819</ymin><xmax>1816</xmax><ymax>3082</ymax></bndbox></object><object><name>cocoa_pod</name><pose>Unspecified</pose><truncated>0</truncated><difficult>0</difficult><bndbox><xmin>1588</xmin><ymin>2831</ymin><xmax>1708</xmax><ymax>3081</ymax></bndbox></object><object><name>cocoa_pod</name><pose>Unspecified</pose><truncated>0</truncated><difficult>0</difficult><bndbox><xmin>1522</xmin><ymin>2723</ymin><xmax>1655</xmax><ymax>2865</ymax></bndbox></object><object><name>cocoa_pod</name><pose>Unspecified</pose><truncated>0</truncated><difficult>0</difficult><bndbox><xmin>1698</xmin><ymin>2500</ymin><xmax>1868</xmax><ymax>2748</ymax></bndbox></object><object><name>cocoa_pod</name><pose>Unspecified</pose><truncated>0</truncated><difficult>0</difficult><bndbox><xmin>1772</xmin><ymin>2651</ymin><xmax>1893</xmax><ymax>2855</ymax></bndbox></object><object><name>cocoa_pod</name><pose>Unspecified</pose><truncated>0</truncated><difficult>0</difficult><bndbox><xmin>1339</xmin><ymin>2335</ymin><xmax>1516</xmax><ymax>2575</ymax></bndbox></object><object><name>cocoa_pod</name><pose>Unspecified</pose><truncated>0</truncated><difficult>0</difficult><bndbox><xmin>1479</xmin><ymin>2412</ymin><xmax>1605</xmax><ymax>2697</ymax></bndbox></object><object><name>cocoa_pod</name><pose>Unspecified</pose><truncated>0</truncated><difficult>0</difficult><bndbox><xmin>1581</xmin><ymin>2504</ymin><xmax>1694</xmax><ymax>2738</ymax></bndbox></object><object><name>cocoa_pod</name><pose>Unspecified</pose><truncated>0</truncated><difficult>0</difficult><bndbox><xmin>1907</xmin><ymin>2221</ymin><xmax>2036</xmax><ymax>2479</ymax></bndbox></object><object><name>cocoa_pod</name><pose>Unspecified</pose><truncated>0</truncated><difficult>0</difficult><bndbox><xmin>2044</xmin><ymin>2211</ymin><xmax>2090</xmax><ymax>2313</ymax></bndbox></object><object><name>cocoa_pod</name><pose>Unspecified</pose><truncated>0</truncated><difficult>0</difficult><bndbox><xmin>2111</xmin><ymin>2185</ymin><xmax>2158</xmax><ymax>2261</ymax></bndbox></object><object><name>cocoa_pod</name><pose>Unspecified</pose><truncated>0</truncated><difficult>0</difficult><bndbox><xmin>1691</xmin><ymin>1869</ymin><xmax>1770</xmax><ymax>1955</ymax></bndbox></object><object><name>cocoa_pod</name><pose>Unspecified</pose><truncated>0</truncated><difficult>0</difficult><bndbox><xmin>1335</xmin><ymin>1760</ymin><xmax>1522</xmax><ymax>1987</ymax></bndbox></object><object><name>cocoa_pod</name><pose>Unspecified</pose><truncated>0</truncated><difficult>0</difficult><bndbox><xmin>1526</xmin><ymin>1901</ymin><xmax>1647</xmax><ymax>2144</ymax></bndbox></object><object><name>cocoa_pod</name><pose>Unspecified</pose><truncated>0</truncated><difficult>0</difficult><bndbox><xmin>1610</xmin><ymin>1986</ymin><xmax>1795</xmax><ymax>2280</ymax></bndbox></object><object><name>cocoa_pod</name><pose>Unspecified</pose><truncated>0</truncated><difficult>0</difficult><bndbox><xmin>1577</xmin><ymin>1829</ymin><xmax>1665</xmax><ymax>1911</ymax></bndbox></object><object><name>cocoa_pod</name><pose>Unspecified</pose><truncated>0</truncated><difficult>0</difficult><bndbox><xmin>1756</xmin><ymin>1559</ymin><xmax>1872</xmax><ymax>1779</ymax></bndbox></object><object><name>cocoa_pod</name><pose>Unspecified</pose><truncated>0</truncated><difficult>0</difficult><bndbox><xmin>1876</xmin><ymin>1501</ymin><xmax>1965</xmax><ymax>1712</ymax></bndbox></object><object><name>cocoa_pod</name><pose>Unspecified</pose><truncated>0</truncated><difficult>0</difficult><bndbox><xmin>2349</xmin><ymin>1396</ymin><xmax>2416</xmax><ymax>1506</ymax></bndbox></object><object><name>cocoa_pod</name><pose>Unspecified</pose><truncated>0</truncated><difficult>0</difficult><bndbox><xmin>1305</xmin><ymin>1607</ymin><xmax>1413</xmax><ymax>1724</ymax></bndbox></object><object><name>cocoa_pod</name><pose>Unspecified</pose><truncated>0</truncated><difficult>0</difficult><bndbox><xmin>350</xmin><ymin>1743</ymin><xmax>417</xmax><ymax>1842</ymax></bndbox></object><object><name>cocoa_pod</name><pose>Unspecified</pose><truncated>0</truncated><difficult>0</difficult><bndbox><xmin>1820</xmin><ymin>2329</ymin><xmax>1853</xmax><ymax>2387</ymax></bndbox></object><object><name>cocoa_pod</name><pose>Unspecified</pose><truncated>0</truncated><difficult>0</difficult><bndbox><xmin>1760</xmin><ymin>2373</ymin><xmax>1820</xmax><ymax>2432</ymax></bndbox></object><object><name>cocoa_pod</name><pose>Unspecified</pose><truncated>0</truncated><difficult>0</difficult><bndbox><xmin>1262</xmin><ymin>2103</ymin><xmax>1489</xmax><ymax>2314</ymax></bndbox></object><object><name>flower</name><pose>Unspecified</pose><truncated>0</truncated><difficult>0</difficult><bndbox><xmin>1366</xmin><ymin>2316</ymin><xmax>1388</xmax><ymax>2332</ymax></bndbox></object><object><name>cocoa_pod</name><pose>Unspecified</pose><truncated>0</truncated><difficult>0</difficult><bndbox><xmin>2460</xmin><ymin>1982</ymin><xmax>2497</xmax><ymax>2081</ymax></bndbox></object><object><name>cocoa_pod</name><pose>Unspecified</pose><truncated>0</truncated><difficult>0</difficult><bndbox><xmin>2499</xmin><ymin>1546</ymin><xmax>2613</xmax><ymax>1824</ymax></bndbox></object><object><name>cocoa_pod</name><pose>Unspecified</pose><truncated>0</truncated><difficult>0</difficult><bndbox><xmin>2086</xmin><ymin>201</ymin><xmax>2268</xmax><ymax>525</ymax></bndbox></object><object><name>flower</name><pose>Unspecified</pose><truncated>0</truncated><difficult>0</difficult><bndbox><xmin>2580</xmin><ymin>143</ymin><xmax>2607</xmax><ymax>169</ymax></bndbox></object><object><name>cocoa_pod</name><pose>Unspecified</pose><truncated>0</truncated><difficult>0</difficult><bndbox><xmin>2258</xmin><ymin>657</ymin><xmax>2435</xmax><ymax>1024</ymax></bndbox></object><object><name>flower</name><pose>Unspecified</pose><truncated>0</truncated><difficult>0</difficult><bndbox><xmin>2777</xmin><ymin>932</ymin><xmax>2796</xmax><ymax>948</ymax></bndbox></object><object><name>flower</name><pose>Unspecified</pose><truncated>0</truncated><difficult>0</difficult><bndbox><xmin>2817</xmin><ymin>927</ymin><xmax>2838</xmax><ymax>945</ymax></bndbox></object><object><name>cocoa_pod</name><pose>Unspecified</pose><truncated>0</truncated><difficult>0</difficult><bndbox><xmin>2412</xmin><ymin>970</ymin><xmax>2532</xmax><ymax>1182</ymax></bndbox></object><object><name>cocoa_pod</name><pose>Unspecified</pose><truncated>0</truncated><difficult>0</difficult><bndbox><xmin>2034</xmin><ymin>1072</ymin><xmax>2256</xmax><ymax>1407</ymax></bndbox></object><object><name>flower</name><pose>Unspecified</pose><truncated>0</truncated><difficult>0</difficult><bndbox><xmin>2815</xmin><ymin>1519</ymin><xmax>2840</xmax><ymax>1545</ymax></bndbox></object><object><name>cocoa_pod</name><pose>Unspecified</pose><truncated>0</truncated><difficult>0</difficult><bndbox><xmin>2750</xmin><ymin>1569</ymin><xmax>2788</xmax><ymax>1667</ymax></bndbox></object><object><name>cocoa_pod</name><pose>Unspecified</pose><truncated>0</truncated><difficult>0</difficult><bndbox><xmin>1024</xmin><ymin>1587</ymin><xmax>1089</xmax><ymax>1730</ymax></bndbox></object><object><name>cocoa_pod</name><pose>Unspecified</pose><truncated>0</truncated><difficult>0</difficult><bndbox><xmin>1016</xmin><ymin>1194</ymin><xmax>1123</xmax><ymax>1427</ymax></bndbox></object><object><name>cocoa_pod</name><pose>Unspecified</pose><truncated>0</truncated><difficult>0</difficult><bndbox><xmin>1128</xmin><ymin>1420</ymin><xmax>1159</xmax><ymax>1488</ymax></bndbox></object><object><name>cocoa_pod</name><pose>Unspecified</pose><truncated>0</truncated><difficult>0</difficult><bndbox><xmin>1058</xmin><ymin>1391</ymin><xmax>1101</xmax><ymax>1473</ymax></bndbox></object><object><name>flower</name><pose>Unspecified</pose><truncated>0</truncated><difficult>0</difficult><bndbox><xmin>1011</xmin><ymin>988</ymin><xmax>1026</xmax><ymax>1013</ymax></bndbox></object><object><name>flower</name><pose>Unspecified</pose><truncated>0</truncated><difficult>0</difficult><bndbox><xmin>1474</xmin><ymin>1559</ymin><xmax>1488</xmax><ymax>1576</ymax></bndbox></object><object><name>cocoa_pod</name><pose>Unspecified</pose><truncated>0</truncated><difficult>0</difficult><bndbox><xmin>2617</xmin><ymin>1816</ymin><xmax>2713</xmax><ymax>1962</ymax></bndbox></object></annotation>