<?xml version='1.0' encoding='utf-8'?>
<annotation>
	<folder>Data</folder>
	<filename>2_1_aug1.jpg</filename>
	<path>/content/drive/MyDrive/deeplearning/Assignment/augmented_data/images/2_1_aug1.jpg</path>
	<source>
		<database>Unknown</database>
	</source>
	<size>
		<width>3456</width>
		<height>4608</height>
		<depth>3</depth>
	</size>
	<segmented>0</segmented>
	<object><name>cocoa_pod</name><pose>Unspecified</pose><truncated>0</truncated><difficult>0</difficult><bndbox><xmin>1649</xmin><ymin>4574</ymin><xmax>1701</xmax><ymax>4608</ymax></bndbox></object><object><name>flower</name><pose>Unspecified</pose><truncated>0</truncated><difficult>0</difficult><bndbox><xmin>1632</xmin><ymin>4370</ymin><xmax>1650</xmax><ymax>4396</ymax></bndbox></object><object><name>cocoa_pod</name><pose>Unspecified</pose><truncated>0</truncated><difficult>0</difficult><bndbox><xmin>1714</xmin><ymin>4092</ymin><xmax>1926</xmax><ymax>4383</ymax></bndbox></object><object><name>cocoa_pod</name><pose>Unspecified</pose><truncated>0</truncated><difficult>0</difficult><bndbox><xmin>1597</xmin><ymin>3447</ymin><xmax>1819</xmax><ymax>3720</ymax></bndbox></object><object><name>cocoa_pod</name><pose>Unspecified</pose><truncated>0</truncated><difficult>0</difficult><bndbox><xmin>1668</xmin><ymin>3225</ymin><xmax>1743</xmax><ymax>3329</ymax></bndbox></object><object><name>cocoa_pod</name><pose>Unspecified</pose><truncated>0</truncated><difficult>0</difficult><bndbox><xmin>1681</xmin><ymin>3377</ymin><xmax>1873</xmax><ymax>3659</ymax></bndbox></object><object><name>cocoa_pod</name><pose>Unspecified</pose><truncated>0</truncated><difficult>0</difficult><bndbox><xmin>1457</xmin><ymin>3189</ymin><xmax>1615</xmax><ymax>3468</ymax></bndbox></object><object><name>cocoa_pod</name><pose>Unspecified</pose><truncated>0</truncated><difficult>0</difficult><bndbox><xmin>1364</xmin><ymin>3202</ymin><xmax>1497</xmax><ymax>3467</ymax></bndbox></object><object><name>cocoa_pod</name><pose>Unspecified</pose><truncated>0</truncated><difficult>0</difficult><bndbox><xmin>1294</xmin><ymin>3087</ymin><xmax>1440</xmax><ymax>3237</ymax></bndbox></object><object><name>cocoa_pod</name><pose>Unspecified</pose><truncated>0</truncated><difficult>0</difficult><bndbox><xmin>1485</xmin><ymin>2851</ymin><xmax>1671</xmax><ymax>3114</ymax></bndbox></object><object><name>cocoa_pod</name><pose>Unspecified</pose><truncated>0</truncated><difficult>0</difficult><bndbox><xmin>1567</xmin><ymin>3012</ymin><xmax>1698</xmax><ymax>3227</ymax></bndbox></object><object><name>cocoa_pod</name><pose>Unspecified</pose><truncated>0</truncated><difficult>0</difficult><bndbox><xmin>1095</xmin><ymin>2674</ymin><xmax>1290</xmax><ymax>2929</ymax></bndbox></object><object><name>cocoa_pod</name><pose>Unspecified</pose><truncated>0</truncated><difficult>0</difficult><bndbox><xmin>1247</xmin><ymin>2756</ymin><xmax>1386</xmax><ymax>3060</ymax></bndbox></object><object><name>cocoa_pod</name><pose>Unspecified</pose><truncated>0</truncated><difficult>0</difficult><bndbox><xmin>1358</xmin><ymin>2854</ymin><xmax>1482</xmax><ymax>3103</ymax></bndbox></object><object><name>cocoa_pod</name><pose>Unspecified</pose><truncated>0</truncated><difficult>0</difficult><bndbox><xmin>1714</xmin><ymin>2556</ymin><xmax>1856</xmax><ymax>2829</ymax></bndbox></object><object><name>cocoa_pod</name><pose>Unspecified</pose><truncated>0</truncated><difficult>0</difficult><bndbox><xmin>1864</xmin><ymin>2546</ymin><xmax>1915</xmax><ymax>2653</ymax></bndbox></object><object><name>cocoa_pod</name><pose>Unspecified</pose><truncated>0</truncated><difficult>0</difficult><bndbox><xmin>1938</xmin><ymin>2519</ymin><xmax>1989</xmax><ymax>2599</ymax></bndbox></object><object><name>cocoa_pod</name><pose>Unspecified</pose><truncated>0</truncated><difficult>0</difficult><bndbox><xmin>1480</xmin><ymin>2182</ymin><xmax>1567</xmax><ymax>2274</ymax></bndbox></object><object><name>cocoa_pod</name><pose>Unspecified</pose><truncated>0</truncated><difficult>0</difficult><bndbox><xmin>1093</xmin><ymin>2064</ymin><xmax>1298</xmax><ymax>2307</ymax></bndbox></object><object><name>cocoa_pod</name><pose>Unspecified</pose><truncated>0</truncated><difficult>0</difficult><bndbox><xmin>1300</xmin><ymin>2215</ymin><xmax>1434</xmax><ymax>2473</ymax></bndbox></object><object><name>cocoa_pod</name><pose>Unspecified</pose><truncated>0</truncated><difficult>0</difficult><bndbox><xmin>1391</xmin><ymin>2306</ymin><xmax>1595</xmax><ymax>2618</ymax></bndbox></object><object><name>cocoa_pod</name><pose>Unspecified</pose><truncated>0</truncated><difficult>0</difficult><bndbox><xmin>1357</xmin><ymin>2138</ymin><xmax>1452</xmax><ymax>2227</ymax></bndbox></object><object><name>cocoa_pod</name><pose>Unspecified</pose><truncated>0</truncated><difficult>0</difficult><bndbox><xmin>1552</xmin><ymin>1853</ymin><xmax>1679</xmax><ymax>2086</ymax></bndbox></object><object><name>cocoa_pod</name><pose>Unspecified</pose><truncated>0</truncated><difficult>0</difficult><bndbox><xmin>1684</xmin><ymin>1792</ymin><xmax>1781</xmax><ymax>2015</ymax></bndbox></object><object><name>cocoa_pod</name><pose>Unspecified</pose><truncated>0</truncated><difficult>0</difficult><bndbox><xmin>2199</xmin><ymin>1681</ymin><xmax>2273</xmax><ymax>1799</ymax></bndbox></object><object><name>cocoa_pod</name><pose>Unspecified</pose><truncated>0</truncated><difficult>0</difficult><bndbox><xmin>1062</xmin><ymin>1902</ymin><xmax>1180</xmax><ymax>2026</ymax></bndbox></object><object><name>cocoa_pod</name><pose>Unspecified</pose><truncated>0</truncated><difficult>0</difficult><bndbox><xmin>20</xmin><ymin>2044</ymin><xmax>93</xmax><ymax>2148</ymax></bndbox></object><object><name>cocoa_pod</name><pose>Unspecified</pose><truncated>0</truncated><difficult>0</difficult><bndbox><xmin>1619</xmin><ymin>2670</ymin><xmax>1657</xmax><ymax>2731</ymax></bndbox></object><object><name>cocoa_pod</name><pose>Unspecified</pose><truncated>0</truncated><difficult>0</difficult><bndbox><xmin>1554</xmin><ymin>2717</ymin><xmax>1619</xmax><ymax>2779</ymax></bndbox></object><object><name>cocoa_pod</name><pose>Unspecified</pose><truncated>0</truncated><difficult>0</difficult><bndbox><xmin>1012</xmin><ymin>2429</ymin><xmax>1261</xmax><ymax>2652</ymax></bndbox></object><object><name>flower</name><pose>Unspecified</pose><truncated>0</truncated><difficult>0</difficult><bndbox><xmin>1125</xmin><ymin>2654</ymin><xmax>1150</xmax><ymax>2671</ymax></bndbox></object><object><name>cocoa_pod</name><pose>Unspecified</pose><truncated>0</truncated><difficult>0</difficult><bndbox><xmin>2318</xmin><ymin>2304</ymin><xmax>2359</xmax><ymax>2409</ymax></bndbox></object><object><name>cocoa_pod</name><pose>Unspecified</pose><truncated>0</truncated><difficult>0</difficult><bndbox><xmin>2361</xmin><ymin>1842</ymin><xmax>2487</xmax><ymax>2137</ymax></bndbox></object><object><name>cocoa_pod</name><pose>Unspecified</pose><truncated>0</truncated><difficult>0</difficult><bndbox><xmin>1916</xmin><ymin>413</ymin><xmax>2115</xmax><ymax>758</ymax></bndbox></object><object><name>flower</name><pose>Unspecified</pose><truncated>0</truncated><difficult>0</difficult><bndbox><xmin>2456</xmin><ymin>353</ymin><xmax>2485</xmax><ymax>381</ymax></bndbox></object><object><name>cocoa_pod</name><pose>Unspecified</pose><truncated>0</truncated><difficult>0</difficult><bndbox><xmin>2101</xmin><ymin>897</ymin><xmax>2295</xmax><ymax>1288</ymax></bndbox></object><object><name>flower</name><pose>Unspecified</pose><truncated>0</truncated><difficult>0</difficult><bndbox><xmin>2667</xmin><ymin>1192</ymin><xmax>2687</xmax><ymax>1209</ymax></bndbox></object><object><name>flower</name><pose>Unspecified</pose><truncated>0</truncated><difficult>0</difficult><bndbox><xmin>2711</xmin><ymin>1186</ymin><xmax>2733</xmax><ymax>1205</ymax></bndbox></object><object><name>cocoa_pod</name><pose>Unspecified</pose><truncated>0</truncated><difficult>0</difficult><bndbox><xmin>2269</xmin><ymin>1230</ymin><xmax>2400</xmax><ymax>1456</ymax></bndbox></object><object><name>cocoa_pod</name><pose>Unspecified</pose><truncated>0</truncated><difficult>0</difficult><bndbox><xmin>1857</xmin><ymin>1338</ymin><xmax>2099</xmax><ymax>1694</ymax></bndbox></object><object><name>flower</name><pose>Unspecified</pose><truncated>0</truncated><difficult>0</difficult><bndbox><xmin>2706</xmin><ymin>1815</ymin><xmax>2733</xmax><ymax>1842</ymax></bndbox></object><object><name>cocoa_pod</name><pose>Unspecified</pose><truncated>0</truncated><difficult>0</difficult><bndbox><xmin>2635</xmin><ymin>1867</ymin><xmax>2678</xmax><ymax>1970</ymax></bndbox></object><object><name>cocoa_pod</name><pose>Unspecified</pose><truncated>0</truncated><difficult>0</difficult><bndbox><xmin>754</xmin><ymin>1881</ymin><xmax>827</xmax><ymax>2032</ymax></bndbox></object><object><name>cocoa_pod</name><pose>Unspecified</pose><truncated>0</truncated><difficult>0</difficult><bndbox><xmin>747</xmin><ymin>1463</ymin><xmax>864</xmax><ymax>1710</ymax></bndbox></object><object><name>cocoa_pod</name><pose>Unspecified</pose><truncated>0</truncated><difficult>0</difficult><bndbox><xmin>869</xmin><ymin>1704</ymin><xmax>902</xmax><ymax>1776</ymax></bndbox></object><object><name>cocoa_pod</name><pose>Unspecified</pose><truncated>0</truncated><difficult>0</difficult><bndbox><xmin>793</xmin><ymin>1672</ymin><xmax>839</xmax><ymax>1759</ymax></bndbox></object><object><name>flower</name><pose>Unspecified</pose><truncated>0</truncated><difficult>0</difficult><bndbox><xmin>744</xmin><ymin>1244</ymin><xmax>759</xmax><ymax>1271</ymax></bndbox></object><object><name>flower</name><pose>Unspecified</pose><truncated>0</truncated><difficult>0</difficult><bndbox><xmin>1245</xmin><ymin>1853</ymin><xmax>1262</xmax><ymax>1870</ymax></bndbox></object><object><name>cocoa_pod</name><pose>Unspecified</pose><truncated>0</truncated><difficult>0</difficult><bndbox><xmin>2490</xmin><ymin>2129</ymin><xmax>2595</xmax><ymax>2283</ymax></bndbox></object></annotation>