<?xml version='1.0' encoding='utf-8'?>
<annotation>
	<folder>Data</folder>
	<filename>2_2_aug3.jpg</filename>
	<path>/content/drive/MyDrive/deeplearning/Assignment/augmented_data/images/2_2_aug3.jpg</path>
	<source>
		<database>Unknown</database>
	</source>
	<size>
		<width>3456</width>
		<height>4608</height>
		<depth>3</depth>
	</size>
	<segmented>0</segmented>
	<object><name>flower</name><pose>Unspecified</pose><truncated>0</truncated><difficult>0</difficult><bndbox><xmin>1131</xmin><ymin>842</ymin><xmax>1151</xmax><ymax>869</ymax></bndbox></object><object><name>flower</name><pose>Unspecified</pose><truncated>0</truncated><difficult>0</difficult><bndbox><xmin>1184</xmin><ymin>842</ymin><xmax>1209</xmax><ymax>862</ymax></bndbox></object><object><name>flower</name><pose>Unspecified</pose><truncated>0</truncated><difficult>0</difficult><bndbox><xmin>1111</xmin><ymin>1076</ymin><xmax>1128</xmax><ymax>1090</ymax></bndbox></object><object><name>flower</name><pose>Unspecified</pose><truncated>0</truncated><difficult>0</difficult><bndbox><xmin>1074</xmin><ymin>1567</ymin><xmax>1091</xmax><ymax>1589</ymax></bndbox></object><object><name>flower</name><pose>Unspecified</pose><truncated>0</truncated><difficult>0</difficult><bndbox><xmin>1101</xmin><ymin>1770</ymin><xmax>1127</xmax><ymax>1783</ymax></bndbox></object><object><name>cocoa_pod</name><pose>Unspecified</pose><truncated>0</truncated><difficult>0</difficult><bndbox><xmin>1207</xmin><ymin>1643</ymin><xmax>1281</xmax><ymax>1797</ymax></bndbox></object><object><name>cocoa_pod</name><pose>Unspecified</pose><truncated>0</truncated><difficult>0</difficult><bndbox><xmin>1173</xmin><ymin>2001</ymin><xmax>1394</xmax><ymax>2197</ymax></bndbox></object><object><name>cocoa_pod</name><pose>Unspecified</pose><truncated>0</truncated><difficult>0</difficult><bndbox><xmin>1439</xmin><ymin>1748</ymin><xmax>1625</xmax><ymax>1888</ymax></bndbox></object><object><name>cocoa_pod</name><pose>Unspecified</pose><truncated>0</truncated><difficult>0</difficult><bndbox><xmin>689</xmin><ymin>2404</ymin><xmax>764</xmax><ymax>2515</ymax></bndbox></object><object><name>cocoa_pod</name><pose>Unspecified</pose><truncated>0</truncated><difficult>0</difficult><bndbox><xmin>1149</xmin><ymin>2301</ymin><xmax>1242</xmax><ymax>2496</ymax></bndbox></object><object><name>cocoa_pod</name><pose>Unspecified</pose><truncated>0</truncated><difficult>0</difficult><bndbox><xmin>1232</xmin><ymin>2288</ymin><xmax>1385</xmax><ymax>2473</ymax></bndbox></object><object><name>cocoa_pod</name><pose>Unspecified</pose><truncated>0</truncated><difficult>0</difficult><bndbox><xmin>1413</xmin><ymin>2412</ymin><xmax>1439</xmax><ymax>2490</ymax></bndbox></object><object><name>cocoa_pod</name><pose>Unspecified</pose><truncated>0</truncated><difficult>0</difficult><bndbox><xmin>1465</xmin><ymin>2477</ymin><xmax>1490</xmax><ymax>2506</ymax></bndbox></object><object><name>cocoa_pod</name><pose>Unspecified</pose><truncated>0</truncated><difficult>0</difficult><bndbox><xmin>1358</xmin><ymin>2497</ymin><xmax>1426</xmax><ymax>2589</ymax></bndbox></object><object><name>cocoa_pod</name><pose>Unspecified</pose><truncated>0</truncated><difficult>0</difficult><bndbox><xmin>1430</xmin><ymin>2560</ymin><xmax>1547</xmax><ymax>2811</ymax></bndbox></object><object><name>cocoa_pod</name><pose>Unspecified</pose><truncated>0</truncated><difficult>0</difficult><bndbox><xmin>1584</xmin><ymin>2641</ymin><xmax>1632</xmax><ymax>2687</ymax></bndbox></object><object><name>cocoa_pod</name><pose>Unspecified</pose><truncated>0</truncated><difficult>0</difficult><bndbox><xmin>1602</xmin><ymin>2650</ymin><xmax>1651</xmax><ymax>2731</ymax></bndbox></object><object><name>cocoa_pod</name><pose>Unspecified</pose><truncated>0</truncated><difficult>0</difficult><bndbox><xmin>1625</xmin><ymin>2649</ymin><xmax>1691</xmax><ymax>2792</ymax></bndbox></object><object><name>cocoa_pod</name><pose>Unspecified</pose><truncated>0</truncated><difficult>0</difficult><bndbox><xmin>1656</xmin><ymin>2729</ymin><xmax>1737</xmax><ymax>2808</ymax></bndbox></object><object><name>cocoa_pod</name><pose>Unspecified</pose><truncated>0</truncated><difficult>0</difficult><bndbox><xmin>1564</xmin><ymin>2328</ymin><xmax>1616</xmax><ymax>2396</ymax></bndbox></object><object><name>cocoa_pod</name><pose>Unspecified</pose><truncated>0</truncated><difficult>0</difficult><bndbox><xmin>1589</xmin><ymin>2346</ymin><xmax>1644</xmax><ymax>2428</ymax></bndbox></object><object><name>cocoa_pod</name><pose>Unspecified</pose><truncated>0</truncated><difficult>0</difficult><bndbox><xmin>1581</xmin><ymin>2454</ymin><xmax>1658</xmax><ymax>2508</ymax></bndbox></object><object><name>cocoa_pod</name><pose>Unspecified</pose><truncated>0</truncated><difficult>0</difficult><bndbox><xmin>1693</xmin><ymin>2365</ymin><xmax>1760</xmax><ymax>2565</ymax></bndbox></object><object><name>cocoa_pod</name><pose>Unspecified</pose><truncated>0</truncated><difficult>0</difficult><bndbox><xmin>1774</xmin><ymin>2826</ymin><xmax>1843</xmax><ymax>2965</ymax></bndbox></object><object><name>cocoa_pod</name><pose>Unspecified</pose><truncated>0</truncated><difficult>0</difficult><bndbox><xmin>1905</xmin><ymin>2234</ymin><xmax>1963</xmax><ymax>2367</ymax></bndbox></object><object><name>flower</name><pose>Unspecified</pose><truncated>0</truncated><difficult>0</difficult><bndbox><xmin>1776</xmin><ymin>2605</ymin><xmax>1795</xmax><ymax>2619</ymax></bndbox></object><object><name>flower</name><pose>Unspecified</pose><truncated>0</truncated><difficult>0</difficult><bndbox><xmin>1822</xmin><ymin>3592</ymin><xmax>1843</xmax><ymax>3611</ymax></bndbox></object><object><name>cocoa_pod</name><pose>Unspecified</pose><truncated>0</truncated><difficult>0</difficult><bndbox><xmin>1751</xmin><ymin>3369</ymin><xmax>1774</xmax><ymax>3427</ymax></bndbox></object><object><name>cocoa_pod</name><pose>Unspecified</pose><truncated>0</truncated><difficult>0</difficult><bndbox><xmin>1868</xmin><ymin>3053</ymin><xmax>2044</xmax><ymax>3217</ymax></bndbox></object><object><name>cocoa_pod</name><pose>Unspecified</pose><truncated>0</truncated><difficult>0</difficult><bndbox><xmin>1864</xmin><ymin>2880</ymin><xmax>2032</xmax><ymax>3073</ymax></bndbox></object><object><name>cocoa_pod</name><pose>Unspecified</pose><truncated>0</truncated><difficult>0</difficult><bndbox><xmin>1780</xmin><ymin>2909</ymin><xmax>1888</xmax><ymax>3127</ymax></bndbox></object><object><name>cocoa_pod</name><pose>Unspecified</pose><truncated>0</truncated><difficult>0</difficult><bndbox><xmin>1855</xmin><ymin>2680</ymin><xmax>1945</xmax><ymax>2891</ymax></bndbox></object><object><name>cocoa_pod</name><pose>Unspecified</pose><truncated>0</truncated><difficult>0</difficult><bndbox><xmin>1940</xmin><ymin>2620</ymin><xmax>2023</xmax><ymax>2810</ymax></bndbox></object><object><name>cocoa_pod</name><pose>Unspecified</pose><truncated>0</truncated><difficult>0</difficult><bndbox><xmin>1990</xmin><ymin>2601</ymin><xmax>2050</xmax><ymax>2732</ymax></bndbox></object><object><name>cocoa_pod</name><pose>Unspecified</pose><truncated>0</truncated><difficult>0</difficult><bndbox><xmin>2007</xmin><ymin>2650</ymin><xmax>2069</xmax><ymax>2769</ymax></bndbox></object><object><name>cocoa_pod</name><pose>Unspecified</pose><truncated>0</truncated><difficult>0</difficult><bndbox><xmin>2121</xmin><ymin>2499</ymin><xmax>2225</xmax><ymax>2702</ymax></bndbox></object><object><name>cocoa_pod</name><pose>Unspecified</pose><truncated>0</truncated><difficult>0</difficult><bndbox><xmin>2198</xmin><ymin>2548</ymin><xmax>2285</xmax><ymax>2767</ymax></bndbox></object><object><name>cocoa_pod</name><pose>Unspecified</pose><truncated>0</truncated><difficult>0</difficult><bndbox><xmin>2385</xmin><ymin>2345</ymin><xmax>2420</xmax><ymax>2419</ymax></bndbox></object><object><name>flower</name><pose>Unspecified</pose><truncated>0</truncated><difficult>0</difficult><bndbox><xmin>2717</xmin><ymin>2224</ymin><xmax>2730</xmax><ymax>2244</ymax></bndbox></object><object><name>cocoa_pod</name><pose>Unspecified</pose><truncated>0</truncated><difficult>0</difficult><bndbox><xmin>2800</xmin><ymin>1738</ymin><xmax>2823</xmax><ymax>1778</ymax></bndbox></object><object><name>cocoa_pod</name><pose>Unspecified</pose><truncated>0</truncated><difficult>0</difficult><bndbox><xmin>2771</xmin><ymin>894</ymin><xmax>2869</xmax><ymax>1154</ymax></bndbox></object><object><name>flower</name><pose>Unspecified</pose><truncated>0</truncated><difficult>0</difficult><bndbox><xmin>3130</xmin><ymin>817</ymin><xmax>3145</xmax><ymax>838</ymax></bndbox></object><object><name>cocoa_pod</name><pose>Unspecified</pose><truncated>0</truncated><difficult>0</difficult><bndbox><xmin>2551</xmin><ymin>1467</ymin><xmax>2665</xmax><ymax>1692</ymax></bndbox></object><object><name>cocoa_pod</name><pose>Unspecified</pose><truncated>0</truncated><difficult>0</difficult><bndbox><xmin>2570</xmin><ymin>2004</ymin><xmax>2636</xmax><ymax>2154</ymax></bndbox></object><object><name>flower</name><pose>Unspecified</pose><truncated>0</truncated><difficult>0</difficult><bndbox><xmin>2674</xmin><ymin>2063</ymin><xmax>2711</xmax><ymax>2085</ymax></bndbox></object><object><name>cocoa_pod</name><pose>Unspecified</pose><truncated>0</truncated><difficult>0</difficult><bndbox><xmin>2628</xmin><ymin>1918</ymin><xmax>2701</xmax><ymax>1987</ymax></bndbox></object><object><name>cocoa_pod</name><pose>Unspecified</pose><truncated>0</truncated><difficult>0</difficult><bndbox><xmin>2323</xmin><ymin>1884</ymin><xmax>2377</xmax><ymax>2037</ymax></bndbox></object><object><name>cocoa_pod</name><pose>Unspecified</pose><truncated>0</truncated><difficult>0</difficult><bndbox><xmin>2156</xmin><ymin>1875</ymin><xmax>2229</xmax><ymax>2050</ymax></bndbox></object><object><name>flower</name><pose>Unspecified</pose><truncated>0</truncated><difficult>0</difficult><bndbox><xmin>2441</xmin><ymin>1838</ymin><xmax>2458</xmax><ymax>1851</ymax></bndbox></object><object><name>cocoa_pod</name><pose>Unspecified</pose><truncated>0</truncated><difficult>0</difficult><bndbox><xmin>3128</xmin><ymin>2504</ymin><xmax>3197</xmax><ymax>2619</ymax></bndbox></object><object><name>cocoa_pod</name><pose>Unspecified</pose><truncated>0</truncated><difficult>0</difficult><bndbox><xmin>3214</xmin><ymin>2676</ymin><xmax>3288</xmax><ymax>2812</ymax></bndbox></object><object><name>cocoa_pod</name><pose>Unspecified</pose><truncated>0</truncated><difficult>0</difficult><bndbox><xmin>3334</xmin><ymin>2719</ymin><xmax>3413</xmax><ymax>2824</ymax></bndbox></object><object><name>cocoa_pod</name><pose>Unspecified</pose><truncated>0</truncated><difficult>0</difficult><bndbox><xmin>3309</xmin><ymin>2814</ymin><xmax>3415</xmax><ymax>2956</ymax></bndbox></object><object><name>cocoa_pod</name><pose>Unspecified</pose><truncated>0</truncated><difficult>0</difficult><bndbox><xmin>3411</xmin><ymin>2848</ymin><xmax>3456</xmax><ymax>3008</ymax></bndbox></object><object><name>cocoa_pod</name><pose>Unspecified</pose><truncated>0</truncated><difficult>0</difficult><bndbox><xmin>3434</xmin><ymin>2792</ymin><xmax>3456</xmax><ymax>2848</ymax></bndbox></object><object><name>cocoa_pod</name><pose>Unspecified</pose><truncated>0</truncated><difficult>0</difficult><bndbox><xmin>1799</xmin><ymin>1977</ymin><xmax>1934</xmax><ymax>2178</ymax></bndbox></object><object><name>cocoa_pod</name><pose>Unspecified</pose><truncated>0</truncated><difficult>0</difficult><bndbox><xmin>1782</xmin><ymin>2085</ymin><xmax>1826</xmax><ymax>2143</ymax></bndbox></object><object><name>cocoa_pod</name><pose>Unspecified</pose><truncated>0</truncated><difficult>0</difficult><bndbox><xmin>1918</xmin><ymin>2192</ymin><xmax>2055</xmax><ymax>2432</ymax></bndbox></object><object><name>cocoa_pod</name><pose>Unspecified</pose><truncated>0</truncated><difficult>0</difficult><bndbox><xmin>1949</xmin><ymin>2115</ymin><xmax>2069</xmax><ymax>2322</ymax></bndbox></object><object><name>cocoa_pod</name><pose>Unspecified</pose><truncated>0</truncated><difficult>0</difficult><bndbox><xmin>1618</xmin><ymin>1361</ymin><xmax>1719</xmax><ymax>1532</ymax></bndbox></object><object><name>cocoa_pod</name><pose>Unspecified</pose><truncated>0</truncated><difficult>0</difficult><bndbox><xmin>2109</xmin><ymin>1510</ymin><xmax>2221</xmax><ymax>1716</ymax></bndbox></object><object><name>cocoa_pod</name><pose>Unspecified</pose><truncated>0</truncated><difficult>0</difficult><bndbox><xmin>2260</xmin><ymin>1617</ymin><xmax>2383</xmax><ymax>1838</ymax></bndbox></object><object><name>flower</name><pose>Unspecified</pose><truncated>0</truncated><difficult>0</difficult><bndbox><xmin>2059</xmin><ymin>1164</ymin><xmax>2077</xmax><ymax>1185</ymax></bndbox></object><object><name>flower</name><pose>Unspecified</pose><truncated>0</truncated><difficult>0</difficult><bndbox><xmin>2102</xmin><ymin>918</ymin><xmax>2113</xmax><ymax>936</ymax></bndbox></object><object><name>flower</name><pose>Unspecified</pose><truncated>0</truncated><difficult>0</difficult><bndbox><xmin>2067</xmin><ymin>1447</ymin><xmax>2086</xmax><ymax>1464</ymax></bndbox></object><object><name>flower</name><pose>Unspecified</pose><truncated>0</truncated><difficult>0</difficult><bndbox><xmin>2050</xmin><ymin>1230</ymin><xmax>2065</xmax><ymax>1247</ymax></bndbox></object><object><name>flower</name><pose>Unspecified</pose><truncated>0</truncated><difficult>0</difficult><bndbox><xmin>2094</xmin><ymin>1869</ymin><xmax>2109</xmax><ymax>1881</ymax></bndbox></object><object><name>flower</name><pose>Unspecified</pose><truncated>0</truncated><difficult>0</difficult><bndbox><xmin>670</xmin><ymin>2335</ymin><xmax>683</xmax><ymax>2353</ymax></bndbox></object><object><name>flower</name><pose>Unspecified</pose><truncated>0</truncated><difficult>0</difficult><bndbox><xmin>505</xmin><ymin>1825</ymin><xmax>518</xmax><ymax>1839</ymax></bndbox></object><object><name>cocoa_pod</name><pose>Unspecified</pose><truncated>0</truncated><difficult>0</difficult><bndbox><xmin>547</xmin><ymin>1225</ymin><xmax>620</xmax><ymax>1316</ymax></bndbox></object><object><name>cocoa_pod</name><pose>Unspecified</pose><truncated>0</truncated><difficult>0</difficult><bndbox><xmin>713</xmin><ymin>1332</ymin><xmax>769</xmax><ymax>1391</ymax></bndbox></object><object><name>cocoa_pod</name><pose>Unspecified</pose><truncated>0</truncated><difficult>0</difficult><bndbox><xmin>3162</xmin><ymin>2252</ymin><xmax>3253</xmax><ymax>2403</ymax></bndbox></object><object><name>flower</name><pose>Unspecified</pose><truncated>0</truncated><difficult>0</difficult><bndbox><xmin>1793</xmin><ymin>3242</ymin><xmax>1814</xmax><ymax>3260</ymax></bndbox></object></annotation>