<?xml version='1.0' encoding='utf-8'?>
<annotation>
	<folder>Data</folder>
	<filename>2_3_aug3.jpg</filename>
	<path>/content/drive/MyDrive/deeplearning/Assignment/augmented_data/images/2_3_aug3.jpg</path>
	<source>
		<database>Unknown</database>
	</source>
	<size>
		<width>3456</width>
		<height>4608</height>
		<depth>3</depth>
	</size>
	<segmented>0</segmented>
	<object><name>cocoa_pod</name><pose>Unspecified</pose><truncated>0</truncated><difficult>0</difficult><bndbox><xmin>1517</xmin><ymin>3771</ymin><xmax>1665</xmax><ymax>3981</ymax></bndbox></object><object><name>flower</name><pose>Unspecified</pose><truncated>0</truncated><difficult>0</difficult><bndbox><xmin>1733</xmin><ymin>3837</ymin><xmax>1764</xmax><ymax>3863</ymax></bndbox></object><object><name>flower</name><pose>Unspecified</pose><truncated>0</truncated><difficult>0</difficult><bndbox><xmin>1824</xmin><ymin>3475</ymin><xmax>1839</xmax><ymax>3490</ymax></bndbox></object><object><name>cocoa_pod</name><pose>Unspecified</pose><truncated>0</truncated><difficult>0</difficult><bndbox><xmin>1544</xmin><ymin>3202</ymin><xmax>1704</xmax><ymax>3430</ymax></bndbox></object><object><name>cocoa_pod</name><pose>Unspecified</pose><truncated>0</truncated><difficult>0</difficult><bndbox><xmin>1638</xmin><ymin>3085</ymin><xmax>1706</xmax><ymax>3180</ymax></bndbox></object><object><name>cocoa_pod</name><pose>Unspecified</pose><truncated>0</truncated><difficult>0</difficult><bndbox><xmin>1847</xmin><ymin>3045</ymin><xmax>1961</xmax><ymax>3276</ymax></bndbox></object><object><name>cocoa_pod</name><pose>Unspecified</pose><truncated>0</truncated><difficult>0</difficult><bndbox><xmin>1857</xmin><ymin>2791</ymin><xmax>1990</xmax><ymax>3082</ymax></bndbox></object><object><name>cocoa_pod</name><pose>Unspecified</pose><truncated>0</truncated><difficult>0</difficult><bndbox><xmin>1760</xmin><ymin>2873</ymin><xmax>1807</xmax><ymax>2949</ymax></bndbox></object><object><name>cocoa_pod</name><pose>Unspecified</pose><truncated>0</truncated><difficult>0</difficult><bndbox><xmin>1705</xmin><ymin>2877</ymin><xmax>1766</xmax><ymax>2983</ymax></bndbox></object><object><name>cocoa_pod</name><pose>Unspecified</pose><truncated>0</truncated><difficult>0</difficult><bndbox><xmin>1695</xmin><ymin>2898</ymin><xmax>1739</xmax><ymax>3026</ymax></bndbox></object><object><name>cocoa_pod</name><pose>Unspecified</pose><truncated>0</truncated><difficult>0</difficult><bndbox><xmin>1355</xmin><ymin>2536</ymin><xmax>1412</xmax><ymax>2623</ymax></bndbox></object><object><name>cocoa_pod</name><pose>Unspecified</pose><truncated>0</truncated><difficult>0</difficult><bndbox><xmin>1436</xmin><ymin>2549</ymin><xmax>1472</xmax><ymax>2641</ymax></bndbox></object><object><name>cocoa_pod</name><pose>Unspecified</pose><truncated>0</truncated><difficult>0</difficult><bndbox><xmin>1441</xmin><ymin>2560</ymin><xmax>1483</xmax><ymax>2682</ymax></bndbox></object><object><name>cocoa_pod</name><pose>Unspecified</pose><truncated>0</truncated><difficult>0</difficult><bndbox><xmin>1521</xmin><ymin>2595</ymin><xmax>1631</xmax><ymax>2803</ymax></bndbox></object><object><name>cocoa_pod</name><pose>Unspecified</pose><truncated>0</truncated><difficult>0</difficult><bndbox><xmin>1686</xmin><ymin>2670</ymin><xmax>1724</xmax><ymax>2742</ymax></bndbox></object><object><name>cocoa_pod</name><pose>Unspecified</pose><truncated>0</truncated><difficult>0</difficult><bndbox><xmin>1733</xmin><ymin>2660</ymin><xmax>1834</xmax><ymax>2777</ymax></bndbox></object><object><name>cocoa_pod</name><pose>Unspecified</pose><truncated>0</truncated><difficult>0</difficult><bndbox><xmin>1926</xmin><ymin>2716</ymin><xmax>1978</xmax><ymax>2820</ymax></bndbox></object><object><name>cocoa_pod</name><pose>Unspecified</pose><truncated>0</truncated><difficult>0</difficult><bndbox><xmin>1974</xmin><ymin>2734</ymin><xmax>2032</xmax><ymax>2848</ymax></bndbox></object><object><name>cocoa_pod</name><pose>Unspecified</pose><truncated>0</truncated><difficult>0</difficult><bndbox><xmin>1961</xmin><ymin>2777</ymin><xmax>2005</xmax><ymax>2871</ymax></bndbox></object><object><name>cocoa_pod</name><pose>Unspecified</pose><truncated>0</truncated><difficult>0</difficult><bndbox><xmin>2017</xmin><ymin>2687</ymin><xmax>2048</xmax><ymax>2730</ymax></bndbox></object><object><name>cocoa_pod</name><pose>Unspecified</pose><truncated>0</truncated><difficult>0</difficult><bndbox><xmin>2077</xmin><ymin>2585</ymin><xmax>2148</xmax><ymax>2785</ymax></bndbox></object><object><name>cocoa_pod</name><pose>Unspecified</pose><truncated>0</truncated><difficult>0</difficult><bndbox><xmin>1980</xmin><ymin>2641</ymin><xmax>2082</xmax><ymax>2741</ymax></bndbox></object><object><name>cocoa_pod</name><pose>Unspecified</pose><truncated>0</truncated><difficult>0</difficult><bndbox><xmin>2106</xmin><ymin>2515</ymin><xmax>2360</xmax><ymax>2700</ymax></bndbox></object><object><name>cocoa_pod</name><pose>Unspecified</pose><truncated>0</truncated><difficult>0</difficult><bndbox><xmin>1026</xmin><ymin>2205</ymin><xmax>1092</xmax><ymax>2322</ymax></bndbox></object><object><name>cocoa_pod</name><pose>Unspecified</pose><truncated>0</truncated><difficult>0</difficult><bndbox><xmin>1135</xmin><ymin>2335</ymin><xmax>1180</xmax><ymax>2423</ymax></bndbox></object><object><name>cocoa_pod</name><pose>Unspecified</pose><truncated>0</truncated><difficult>0</difficult><bndbox><xmin>1408</xmin><ymin>2335</ymin><xmax>1431</xmax><ymax>2371</ymax></bndbox></object><object><name>flower</name><pose>Unspecified</pose><truncated>0</truncated><difficult>0</difficult><bndbox><xmin>2503</xmin><ymin>2211</ymin><xmax>2518</xmax><ymax>2225</ymax></bndbox></object><object><name>cocoa_pod</name><pose>Unspecified</pose><truncated>0</truncated><difficult>0</difficult><bndbox><xmin>2555</xmin><ymin>1875</ymin><xmax>2628</xmax><ymax>2023</ymax></bndbox></object><object><name>flower</name><pose>Unspecified</pose><truncated>0</truncated><difficult>0</difficult><bndbox><xmin>2929</xmin><ymin>1672</ymin><xmax>2944</xmax><ymax>1692</ymax></bndbox></object><object><name>cocoa_pod</name><pose>Unspecified</pose><truncated>0</truncated><difficult>0</difficult><bndbox><xmin>2690</xmin><ymin>1450</ymin><xmax>2748</xmax><ymax>1523</ymax></bndbox></object><object><name>cocoa_pod</name><pose>Unspecified</pose><truncated>0</truncated><difficult>0</difficult><bndbox><xmin>2840</xmin><ymin>1311</ymin><xmax>2943</xmax><ymax>1442</ymax></bndbox></object><object><name>cocoa_pod</name><pose>Unspecified</pose><truncated>0</truncated><difficult>0</difficult><bndbox><xmin>2742</xmin><ymin>1581</ymin><xmax>2811</xmax><ymax>1717</ymax></bndbox></object><object><name>flower</name><pose>Unspecified</pose><truncated>0</truncated><difficult>0</difficult><bndbox><xmin>2403</xmin><ymin>1779</ymin><xmax>2418</xmax><ymax>1796</ymax></bndbox></object><object><name>flower</name><pose>Unspecified</pose><truncated>0</truncated><difficult>0</difficult><bndbox><xmin>2389</xmin><ymin>1800</ymin><xmax>2408</xmax><ymax>1816</ymax></bndbox></object><object><name>flower</name><pose>Unspecified</pose><truncated>0</truncated><difficult>0</difficult><bndbox><xmin>2379</xmin><ymin>1195</ymin><xmax>2393</xmax><ymax>1208</ymax></bndbox></object><object><name>flower</name><pose>Unspecified</pose><truncated>0</truncated><difficult>0</difficult><bndbox><xmin>2239</xmin><ymin>1117</ymin><xmax>2252</xmax><ymax>1130</ymax></bndbox></object><object><name>flower</name><pose>Unspecified</pose><truncated>0</truncated><difficult>0</difficult><bndbox><xmin>2169</xmin><ymin>1112</ymin><xmax>2183</xmax><ymax>1126</ymax></bndbox></object><object><name>cocoa_pod</name><pose>Unspecified</pose><truncated>0</truncated><difficult>0</difficult><bndbox><xmin>2200</xmin><ymin>1474</ymin><xmax>2281</xmax><ymax>1580</ymax></bndbox></object><object><name>cocoa_pod</name><pose>Unspecified</pose><truncated>0</truncated><difficult>0</difficult><bndbox><xmin>2244</xmin><ymin>1779</ymin><xmax>2323</xmax><ymax>1896</ymax></bndbox></object><object><name>cocoa_pod</name><pose>Unspecified</pose><truncated>0</truncated><difficult>0</difficult><bndbox><xmin>2121</xmin><ymin>2095</ymin><xmax>2134</xmax><ymax>2121</ymax></bndbox></object><object><name>cocoa_pod</name><pose>Unspecified</pose><truncated>0</truncated><difficult>0</difficult><bndbox><xmin>2219</xmin><ymin>1986</ymin><xmax>2269</xmax><ymax>2072</ymax></bndbox></object><object><name>cocoa_pod</name><pose>Unspecified</pose><truncated>0</truncated><difficult>0</difficult><bndbox><xmin>2246</xmin><ymin>1960</ymin><xmax>2291</xmax><ymax>2009</ymax></bndbox></object><object><name>flower</name><pose>Unspecified</pose><truncated>0</truncated><difficult>0</difficult><bndbox><xmin>2055</xmin><ymin>2226</ymin><xmax>2077</xmax><ymax>2255</ymax></bndbox></object><object><name>cocoa_pod</name><pose>Unspecified</pose><truncated>0</truncated><difficult>0</difficult><bndbox><xmin>1776</xmin><ymin>2247</ymin><xmax>1886</xmax><ymax>2298</ymax></bndbox></object><object><name>cocoa_pod</name><pose>Unspecified</pose><truncated>0</truncated><difficult>0</difficult><bndbox><xmin>1676</xmin><ymin>2030</ymin><xmax>1728</xmax><ymax>2175</ymax></bndbox></object><object><name>cocoa_pod</name><pose>Unspecified</pose><truncated>0</truncated><difficult>0</difficult><bndbox><xmin>1729</xmin><ymin>2052</ymin><xmax>1787</xmax><ymax>2184</ymax></bndbox></object><object><name>cocoa_pod</name><pose>Unspecified</pose><truncated>0</truncated><difficult>0</difficult><bndbox><xmin>1677</xmin><ymin>2452</ymin><xmax>1737</xmax><ymax>2536</ymax></bndbox></object><object><name>cocoa_pod</name><pose>Unspecified</pose><truncated>0</truncated><difficult>0</difficult><bndbox><xmin>1726</xmin><ymin>2482</ymin><xmax>1760</xmax><ymax>2532</ymax></bndbox></object><object><name>cocoa_pod</name><pose>Unspecified</pose><truncated>0</truncated><difficult>0</difficult><bndbox><xmin>1741</xmin><ymin>2502</ymin><xmax>1799</xmax><ymax>2565</ymax></bndbox></object><object><name>cocoa_pod</name><pose>Unspecified</pose><truncated>0</truncated><difficult>0</difficult><bndbox><xmin>1723</xmin><ymin>2522</ymin><xmax>1774</xmax><ymax>2589</ymax></bndbox></object><object><name>cocoa_pod</name><pose>Unspecified</pose><truncated>0</truncated><difficult>0</difficult><bndbox><xmin>1986</xmin><ymin>2211</ymin><xmax>2146</xmax><ymax>2407</ymax></bndbox></object><object><name>cocoa_pod</name><pose>Unspecified</pose><truncated>0</truncated><difficult>0</difficult><bndbox><xmin>380</xmin><ymin>2147</ymin><xmax>480</xmax><ymax>2260</ymax></bndbox></object><object><name>cocoa_pod</name><pose>Unspecified</pose><truncated>0</truncated><difficult>0</difficult><bndbox><xmin>312</xmin><ymin>2293</ymin><xmax>431</xmax><ymax>2432</ymax></bndbox></object><object><name>cocoa_pod</name><pose>Unspecified</pose><truncated>0</truncated><difficult>0</difficult><bndbox><xmin>429</xmin><ymin>2407</ymin><xmax>472</xmax><ymax>2476</ymax></bndbox></object><object><name>cocoa_pod</name><pose>Unspecified</pose><truncated>0</truncated><difficult>0</difficult><bndbox><xmin>172</xmin><ymin>2598</ymin><xmax>267</xmax><ymax>2737</ymax></bndbox></object><object><name>cocoa_pod</name><pose>Unspecified</pose><truncated>0</truncated><difficult>0</difficult><bndbox><xmin>102</xmin><ymin>2737</ymin><xmax>159</xmax><ymax>2778</ymax></bndbox></object><object><name>cocoa_pod</name><pose>Unspecified</pose><truncated>0</truncated><difficult>0</difficult><bndbox><xmin>175</xmin><ymin>3171</ymin><xmax>287</xmax><ymax>3306</ymax></bndbox></object><object><name>cocoa_pod</name><pose>Unspecified</pose><truncated>0</truncated><difficult>0</difficult><bndbox><xmin>162</xmin><ymin>2135</ymin><xmax>216</xmax><ymax>2235</ymax></bndbox></object><object><name>cocoa_pod</name><pose>Unspecified</pose><truncated>0</truncated><difficult>0</difficult><bndbox><xmin>1370</xmin><ymin>2139</ymin><xmax>1441</xmax><ymax>2261</ymax></bndbox></object><object><name>flower</name><pose>Unspecified</pose><truncated>0</truncated><difficult>0</difficult><bndbox><xmin>1503</xmin><ymin>2292</ymin><xmax>1520</xmax><ymax>2308</ymax></bndbox></object><object><name>cocoa_pod</name><pose>Unspecified</pose><truncated>0</truncated><difficult>0</difficult><bndbox><xmin>1295</xmin><ymin>2129</ymin><xmax>1321</xmax><ymax>2174</ymax></bndbox></object><object><name>cocoa_pod</name><pose>Unspecified</pose><truncated>0</truncated><difficult>0</difficult><bndbox><xmin>1530</xmin><ymin>2045</ymin><xmax>1594</xmax><ymax>2118</ymax></bndbox></object><object><name>cocoa_pod</name><pose>Unspecified</pose><truncated>0</truncated><difficult>0</difficult><bndbox><xmin>1479</xmin><ymin>1776</ymin><xmax>1612</xmax><ymax>1980</ymax></bndbox></object><object><name>cocoa_pod</name><pose>Unspecified</pose><truncated>0</truncated><difficult>0</difficult><bndbox><xmin>1507</xmin><ymin>1748</ymin><xmax>1566</xmax><ymax>1829</ymax></bndbox></object><object><name>cocoa_pod</name><pose>Unspecified</pose><truncated>0</truncated><difficult>0</difficult><bndbox><xmin>1443</xmin><ymin>1644</ymin><xmax>1545</xmax><ymax>1820</ymax></bndbox></object><object><name>flower</name><pose>Unspecified</pose><truncated>0</truncated><difficult>0</difficult><bndbox><xmin>951</xmin><ymin>1704</ymin><xmax>970</xmax><ymax>1716</ymax></bndbox></object><object><name>cocoa_pod</name><pose>Unspecified</pose><truncated>0</truncated><difficult>0</difficult><bndbox><xmin>940</xmin><ymin>1221</ymin><xmax>1076</xmax><ymax>1470</ymax></bndbox></object><object><name>flower</name><pose>Unspecified</pose><truncated>0</truncated><difficult>0</difficult><bndbox><xmin>1411</xmin><ymin>835</ymin><xmax>1431</xmax><ymax>858</ymax></bndbox></object><object><name>cocoa_pod</name><pose>Unspecified</pose><truncated>0</truncated><difficult>0</difficult><bndbox><xmin>1600</xmin><ymin>2189</ymin><xmax>1656</xmax><ymax>2265</ymax></bndbox></object><object><name>cocoa_pod</name><pose>Unspecified</pose><truncated>0</truncated><difficult>0</difficult><bndbox><xmin>1492</xmin><ymin>2113</ymin><xmax>1566</xmax><ymax>2170</ymax></bndbox></object><object><name>cocoa_pod</name><pose>Unspecified</pose><truncated>0</truncated><difficult>0</difficult><bndbox><xmin>2208</xmin><ymin>2414</ymin><xmax>2252</xmax><ymax>2478</ymax></bndbox></object><object><name>cocoa_pod</name><pose>Unspecified</pose><truncated>0</truncated><difficult>0</difficult><bndbox><xmin>2777</xmin><ymin>2689</ymin><xmax>2848</xmax><ymax>2749</ymax></bndbox></object></annotation>