<?xml version='1.0' encoding='utf-8'?>
<annotation>
	<folder>Data</folder>
	<filename>2_4_aug3.jpg</filename>
	<path>/content/drive/MyDrive/deeplearning/Assignment/augmented_data/images/2_4_aug3.jpg</path>
	<source>
		<database>Unknown</database>
	</source>
	<size>
		<width>3456</width>
		<height>4608</height>
		<depth>3</depth>
	</size>
	<segmented>0</segmented>
	<object><name>cocoa_pod</name><pose>Unspecified</pose><truncated>0</truncated><difficult>0</difficult><bndbox><xmin>1441</xmin><ymin>3940</ymin><xmax>1497</xmax><ymax>4048</ymax></bndbox></object><object><name>cocoa_pod</name><pose>Unspecified</pose><truncated>0</truncated><difficult>0</difficult><bndbox><xmin>1528</xmin><ymin>3704</ymin><xmax>1684</xmax><ymax>3943</ymax></bndbox></object><object><name>flower</name><pose>Unspecified</pose><truncated>0</truncated><difficult>0</difficult><bndbox><xmin>1702</xmin><ymin>3667</ymin><xmax>1716</xmax><ymax>3685</ymax></bndbox></object><object><name>flower</name><pose>Unspecified</pose><truncated>0</truncated><difficult>0</difficult><bndbox><xmin>1729</xmin><ymin>3657</ymin><xmax>1749</xmax><ymax>3676</ymax></bndbox></object><object><name>flower</name><pose>Unspecified</pose><truncated>0</truncated><difficult>0</difficult><bndbox><xmin>1653</xmin><ymin>3522</ymin><xmax>1674</xmax><ymax>3543</ymax></bndbox></object><object><name>cocoa_pod</name><pose>Unspecified</pose><truncated>0</truncated><difficult>0</difficult><bndbox><xmin>1602</xmin><ymin>3352</ymin><xmax>1643</xmax><ymax>3408</ymax></bndbox></object><object><name>cocoa_pod</name><pose>Unspecified</pose><truncated>0</truncated><difficult>0</difficult><bndbox><xmin>1605</xmin><ymin>3082</ymin><xmax>1720</xmax><ymax>3339</ymax></bndbox></object><object><name>cocoa_pod</name><pose>Unspecified</pose><truncated>0</truncated><difficult>0</difficult><bndbox><xmin>1396</xmin><ymin>3092</ymin><xmax>1617</xmax><ymax>3298</ymax></bndbox></object><object><name>cocoa_pod</name><pose>Unspecified</pose><truncated>0</truncated><difficult>0</difficult><bndbox><xmin>1647</xmin><ymin>2930</ymin><xmax>1712</xmax><ymax>3046</ymax></bndbox></object><object><name>cocoa_pod</name><pose>Unspecified</pose><truncated>0</truncated><difficult>0</difficult><bndbox><xmin>1436</xmin><ymin>2839</ymin><xmax>1605</xmax><ymax>3056</ymax></bndbox></object><object><name>cocoa_pod</name><pose>Unspecified</pose><truncated>0</truncated><difficult>0</difficult><bndbox><xmin>1536</xmin><ymin>2684</ymin><xmax>1630</xmax><ymax>2911</ymax></bndbox></object><object><name>cocoa_pod</name><pose>Unspecified</pose><truncated>0</truncated><difficult>0</difficult><bndbox><xmin>1415</xmin><ymin>2569</ymin><xmax>1548</xmax><ymax>2801</ymax></bndbox></object><object><name>cocoa_pod</name><pose>Unspecified</pose><truncated>0</truncated><difficult>0</difficult><bndbox><xmin>1434</xmin><ymin>2535</ymin><xmax>1506</xmax><ymax>2620</ymax></bndbox></object><object><name>cocoa_pod</name><pose>Unspecified</pose><truncated>0</truncated><difficult>0</difficult><bndbox><xmin>1214</xmin><ymin>2451</ymin><xmax>1314</xmax><ymax>2662</ymax></bndbox></object><object><name>cocoa_pod</name><pose>Unspecified</pose><truncated>0</truncated><difficult>0</difficult><bndbox><xmin>1310</xmin><ymin>2460</ymin><xmax>1392</xmax><ymax>2552</ymax></bndbox></object><object><name>cocoa_pod</name><pose>Unspecified</pose><truncated>0</truncated><difficult>0</difficult><bndbox><xmin>1857</xmin><ymin>2628</ymin><xmax>1942</xmax><ymax>2754</ymax></bndbox></object><object><name>cocoa_pod</name><pose>Unspecified</pose><truncated>0</truncated><difficult>0</difficult><bndbox><xmin>1949</xmin><ymin>2521</ymin><xmax>2048</xmax><ymax>2770</ymax></bndbox></object><object><name>cocoa_pod</name><pose>Unspecified</pose><truncated>0</truncated><difficult>0</difficult><bndbox><xmin>2055</xmin><ymin>2449</ymin><xmax>2115</xmax><ymax>2539</ymax></bndbox></object><object><name>cocoa_pod</name><pose>Unspecified</pose><truncated>0</truncated><difficult>0</difficult><bndbox><xmin>1770</xmin><ymin>2376</ymin><xmax>1878</xmax><ymax>2615</ymax></bndbox></object><object><name>cocoa_pod</name><pose>Unspecified</pose><truncated>0</truncated><difficult>0</difficult><bndbox><xmin>1893</xmin><ymin>2439</ymin><xmax>1953</xmax><ymax>2514</ymax></bndbox></object><object><name>cocoa_pod</name><pose>Unspecified</pose><truncated>0</truncated><difficult>0</difficult><bndbox><xmin>2210</xmin><ymin>2278</ymin><xmax>2291</xmax><ymax>2453</ymax></bndbox></object><object><name>cocoa_pod</name><pose>Unspecified</pose><truncated>0</truncated><difficult>0</difficult><bndbox><xmin>1959</xmin><ymin>2359</ymin><xmax>2019</xmax><ymax>2469</ymax></bndbox></object><object><name>cocoa_pod</name><pose>Unspecified</pose><truncated>0</truncated><difficult>0</difficult><bndbox><xmin>1972</xmin><ymin>2334</ymin><xmax>2013</xmax><ymax>2410</ymax></bndbox></object><object><name>cocoa_pod</name><pose>Unspecified</pose><truncated>0</truncated><difficult>0</difficult><bndbox><xmin>2003</xmin><ymin>2343</ymin><xmax>2050</xmax><ymax>2434</ymax></bndbox></object><object><name>cocoa_pod</name><pose>Unspecified</pose><truncated>0</truncated><difficult>0</difficult><bndbox><xmin>2077</xmin><ymin>1964</ymin><xmax>2296</xmax><ymax>2167</ymax></bndbox></object><object><name>cocoa_pod</name><pose>Unspecified</pose><truncated>0</truncated><difficult>0</difficult><bndbox><xmin>1473</xmin><ymin>1986</ymin><xmax>1544</xmax><ymax>2122</ymax></bndbox></object><object><name>cocoa_pod</name><pose>Unspecified</pose><truncated>0</truncated><difficult>0</difficult><bndbox><xmin>1678</xmin><ymin>2138</ymin><xmax>1710</xmax><ymax>2244</ymax></bndbox></object><object><name>cocoa_pod</name><pose>Unspecified</pose><truncated>0</truncated><difficult>0</difficult><bndbox><xmin>2011</xmin><ymin>2175</ymin><xmax>2059</xmax><ymax>2246</ymax></bndbox></object><object><name>cocoa_pod</name><pose>Unspecified</pose><truncated>0</truncated><difficult>0</difficult><bndbox><xmin>2048</xmin><ymin>2190</ymin><xmax>2075</xmax><ymax>2247</ymax></bndbox></object><object><name>cocoa_pod</name><pose>Unspecified</pose><truncated>0</truncated><difficult>0</difficult><bndbox><xmin>1711</xmin><ymin>2243</ymin><xmax>1756</xmax><ymax>2292</ymax></bndbox></object><object><name>cocoa_pod</name><pose>Unspecified</pose><truncated>0</truncated><difficult>0</difficult><bndbox><xmin>1420</xmin><ymin>2053</ymin><xmax>1546</xmax><ymax>2235</ymax></bndbox></object><object><name>cocoa_pod</name><pose>Unspecified</pose><truncated>0</truncated><difficult>0</difficult><bndbox><xmin>1454</xmin><ymin>2116</ymin><xmax>1595</xmax><ymax>2390</ymax></bndbox></object><object><name>flower</name><pose>Unspecified</pose><truncated>0</truncated><difficult>0</difficult><bndbox><xmin>1696</xmin><ymin>2475</ymin><xmax>1720</xmax><ymax>2504</ymax></bndbox></object><object><name>cocoa_pod</name><pose>Unspecified</pose><truncated>0</truncated><difficult>0</difficult><bndbox><xmin>1038</xmin><ymin>1405</ymin><xmax>1208</xmax><ymax>1698</ymax></bndbox></object><object><name>cocoa_pod</name><pose>Unspecified</pose><truncated>0</truncated><difficult>0</difficult><bndbox><xmin>1343</xmin><ymin>1578</ymin><xmax>1432</xmax><ymax>1747</ymax></bndbox></object><object><name>cocoa_pod</name><pose>Unspecified</pose><truncated>0</truncated><difficult>0</difficult><bndbox><xmin>1075</xmin><ymin>1779</ymin><xmax>1156</xmax><ymax>1937</ymax></bndbox></object><object><name>cocoa_pod</name><pose>Unspecified</pose><truncated>0</truncated><difficult>0</difficult><bndbox><xmin>1269</xmin><ymin>1787</ymin><xmax>1352</xmax><ymax>1967</ymax></bndbox></object><object><name>cocoa_pod</name><pose>Unspecified</pose><truncated>0</truncated><difficult>0</difficult><bndbox><xmin>1627</xmin><ymin>1461</ymin><xmax>1676</xmax><ymax>1555</ymax></bndbox></object><object><name>flower</name><pose>Unspecified</pose><truncated>0</truncated><difficult>0</difficult><bndbox><xmin>1618</xmin><ymin>1433</ymin><xmax>1629</xmax><ymax>1446</ymax></bndbox></object><object><name>cocoa_pod</name><pose>Unspecified</pose><truncated>0</truncated><difficult>0</difficult><bndbox><xmin>2451</xmin><ymin>1508</ymin><xmax>2493</xmax><ymax>1559</ymax></bndbox></object><object><name>cocoa_pod</name><pose>Unspecified</pose><truncated>0</truncated><difficult>0</difficult><bndbox><xmin>2528</xmin><ymin>1452</ymin><xmax>2566</xmax><ymax>1546</ymax></bndbox></object><object><name>cocoa_pod</name><pose>Unspecified</pose><truncated>0</truncated><difficult>0</difficult><bndbox><xmin>2325</xmin><ymin>1434</ymin><xmax>2360</xmax><ymax>1517</ymax></bndbox></object><object><name>flower</name><pose>Unspecified</pose><truncated>0</truncated><difficult>0</difficult><bndbox><xmin>3268</xmin><ymin>1549</ymin><xmax>3280</xmax><ymax>1562</ymax></bndbox></object><object><name>flower</name><pose>Unspecified</pose><truncated>0</truncated><difficult>0</difficult><bndbox><xmin>2424</xmin><ymin>2211</ymin><xmax>2445</xmax><ymax>2230</ymax></bndbox></object><object><name>flower</name><pose>Unspecified</pose><truncated>0</truncated><difficult>0</difficult><bndbox><xmin>2484</xmin><ymin>2077</ymin><xmax>2501</xmax><ymax>2095</ymax></bndbox></object><object><name>cocoa_pod</name><pose>Unspecified</pose><truncated>0</truncated><difficult>0</difficult><bndbox><xmin>556</xmin><ymin>1870</ymin><xmax>593</xmax><ymax>1937</ymax></bndbox></object><object><name>cocoa_pod</name><pose>Unspecified</pose><truncated>0</truncated><difficult>0</difficult><bndbox><xmin>613</xmin><ymin>1848</ymin><xmax>717</xmax><ymax>2071</ymax></bndbox></object><object><name>cocoa_pod</name><pose>Unspecified</pose><truncated>0</truncated><difficult>0</difficult><bndbox><xmin>686</xmin><ymin>1159</ymin><xmax>805</xmax><ymax>1463</ymax></bndbox></object><object><name>flower</name><pose>Unspecified</pose><truncated>0</truncated><difficult>0</difficult><bndbox><xmin>1455</xmin><ymin>1542</ymin><xmax>1469</xmax><ymax>1562</ymax></bndbox></object><object><name>cocoa_pod</name><pose>Unspecified</pose><truncated>0</truncated><difficult>0</difficult><bndbox><xmin>2013</xmin><ymin>788</ymin><xmax>2194</xmax><ymax>1067</ymax></bndbox></object><object><name>flower</name><pose>Unspecified</pose><truncated>0</truncated><difficult>0</difficult><bndbox><xmin>2395</xmin><ymin>745</ymin><xmax>2420</xmax><ymax>795</ymax></bndbox></object><object><name>flower</name><pose>Unspecified</pose><truncated>0</truncated><difficult>0</difficult><bndbox><xmin>1667</xmin><ymin>1263</ymin><xmax>1688</xmax><ymax>1288</ymax></bndbox></object><object><name>flower</name><pose>Unspecified</pose><truncated>0</truncated><difficult>0</difficult><bndbox><xmin>2422</xmin><ymin>1657</ymin><xmax>2439</xmax><ymax>1676</ymax></bndbox></object></annotation>