<?xml version='1.0' encoding='utf-8'?>
<annotation>
	<folder>Data</folder>
	<filename>2_4_aug1.jpg</filename>
	<path>/content/drive/MyDrive/deeplearning/Assignment/augmented_data/images/2_4_aug1.jpg</path>
	<source>
		<database>Unknown</database>
	</source>
	<size>
		<width>3456</width>
		<height>4608</height>
		<depth>3</depth>
	</size>
	<segmented>0</segmented>
	<object><name>cocoa_pod</name><pose>Unspecified</pose><truncated>0</truncated><difficult>0</difficult><bndbox><xmin>2539</xmin><ymin>819</ymin><xmax>2640</xmax><ymax>948</ymax></bndbox></object><object><name>cocoa_pod</name><pose>Unspecified</pose><truncated>0</truncated><difficult>0</difficult><bndbox><xmin>2262</xmin><ymin>843</ymin><xmax>2513</xmax><ymax>1142</ymax></bndbox></object><object><name>flower</name><pose>Unspecified</pose><truncated>0</truncated><difficult>0</difficult><bndbox><xmin>2217</xmin><ymin>1080</ymin><xmax>2237</xmax><ymax>1103</ymax></bndbox></object><object><name>flower</name><pose>Unspecified</pose><truncated>0</truncated><difficult>0</difficult><bndbox><xmin>2182</xmin><ymin>1075</ymin><xmax>2209</xmax><ymax>1103</ymax></bndbox></object><object><name>flower</name><pose>Unspecified</pose><truncated>0</truncated><difficult>0</difficult><bndbox><xmin>2187</xmin><ymin>1236</ymin><xmax>2216</xmax><ymax>1267</ymax></bndbox></object><object><name>cocoa_pod</name><pose>Unspecified</pose><truncated>0</truncated><difficult>0</difficult><bndbox><xmin>2138</xmin><ymin>1382</ymin><xmax>2200</xmax><ymax>1453</ymax></bndbox></object><object><name>cocoa_pod</name><pose>Unspecified</pose><truncated>0</truncated><difficult>0</difficult><bndbox><xmin>1945</xmin><ymin>1417</ymin><xmax>2165</xmax><ymax>1716</ymax></bndbox></object><object><name>cocoa_pod</name><pose>Unspecified</pose><truncated>0</truncated><difficult>0</difficult><bndbox><xmin>2042</xmin><ymin>1501</ymin><xmax>2336</xmax><ymax>1795</ymax></bndbox></object><object><name>cocoa_pod</name><pose>Unspecified</pose><truncated>0</truncated><difficult>0</difficult><bndbox><xmin>1881</xmin><ymin>1706</ymin><xmax>1993</xmax><ymax>1846</ymax></bndbox></object><object><name>cocoa_pod</name><pose>Unspecified</pose><truncated>0</truncated><difficult>0</difficult><bndbox><xmin>1936</xmin><ymin>1741</ymin><xmax>2188</xmax><ymax>2025</ymax></bndbox></object><object><name>cocoa_pod</name><pose>Unspecified</pose><truncated>0</truncated><difficult>0</difficult><bndbox><xmin>1842</xmin><ymin>1872</ymin><xmax>2032</xmax><ymax>2135</ymax></bndbox></object><object><name>cocoa_pod</name><pose>Unspecified</pose><truncated>0</truncated><difficult>0</difficult><bndbox><xmin>1863</xmin><ymin>2015</ymin><xmax>2090</xmax><ymax>2298</ymax></bndbox></object><object><name>cocoa_pod</name><pose>Unspecified</pose><truncated>0</truncated><difficult>0</difficult><bndbox><xmin>1887</xmin><ymin>2210</ymin><xmax>1989</xmax><ymax>2323</ymax></bndbox></object><object><name>flower</name><pose>Unspecified</pose><truncated>0</truncated><difficult>0</difficult><bndbox><xmin>1815</xmin><ymin>1855</ymin><xmax>1829</xmax><ymax>1873</ymax></bndbox></object><object><name>cocoa_pod</name><pose>Unspecified</pose><truncated>0</truncated><difficult>0</difficult><bndbox><xmin>2021</xmin><ymin>2250</ymin><xmax>2209</xmax><ymax>2499</ymax></bndbox></object><object><name>cocoa_pod</name><pose>Unspecified</pose><truncated>0</truncated><difficult>0</difficult><bndbox><xmin>1955</xmin><ymin>2324</ymin><xmax>2071</xmax><ymax>2450</ymax></bndbox></object><object><name>cocoa_pod</name><pose>Unspecified</pose><truncated>0</truncated><difficult>0</difficult><bndbox><xmin>1535</xmin><ymin>1894</ymin><xmax>1670</xmax><ymax>2053</ymax></bndbox></object><object><name>cocoa_pod</name><pose>Unspecified</pose><truncated>0</truncated><difficult>0</difficult><bndbox><xmin>1389</xmin><ymin>1832</ymin><xmax>1595</xmax><ymax>2119</ymax></bndbox></object><object><name>cocoa_pod</name><pose>Unspecified</pose><truncated>0</truncated><difficult>0</difficult><bndbox><xmin>1297</xmin><ymin>2031</ymin><xmax>1391</xmax><ymax>2144</ymax></bndbox></object><object><name>cocoa_pod</name><pose>Unspecified</pose><truncated>0</truncated><difficult>0</difficult><bndbox><xmin>1477</xmin><ymin>2056</ymin><xmax>1685</xmax><ymax>2336</ymax></bndbox></object><object><name>cocoa_pod</name><pose>Unspecified</pose><truncated>0</truncated><difficult>0</difficult><bndbox><xmin>1438</xmin><ymin>2124</ymin><xmax>1526</xmax><ymax>2222</ymax></bndbox></object><object><name>cocoa_pod</name><pose>Unspecified</pose><truncated>0</truncated><difficult>0</difficult><bndbox><xmin>1059</xmin><ymin>2039</ymin><xmax>1213</xmax><ymax>2245</ymax></bndbox></object><object><name>cocoa_pod</name><pose>Unspecified</pose><truncated>0</truncated><difficult>0</difficult><bndbox><xmin>1342</xmin><ymin>2140</ymin><xmax>1447</xmax><ymax>2273</ymax></bndbox></object><object><name>cocoa_pod</name><pose>Unspecified</pose><truncated>0</truncated><difficult>0</difficult><bndbox><xmin>1335</xmin><ymin>2198</ymin><xmax>1408</xmax><ymax>2291</ymax></bndbox></object><object><name>cocoa_pod</name><pose>Unspecified</pose><truncated>0</truncated><difficult>0</difficult><bndbox><xmin>1307</xmin><ymin>2160</ymin><xmax>1391</xmax><ymax>2270</ymax></bndbox></object><object><name>cocoa_pod</name><pose>Unspecified</pose><truncated>0</truncated><difficult>0</difficult><bndbox><xmin>911</xmin><ymin>2316</ymin><xmax>1201</xmax><ymax>2607</ymax></bndbox></object><object><name>cocoa_pod</name><pose>Unspecified</pose><truncated>0</truncated><difficult>0</difficult><bndbox><xmin>1599</xmin><ymin>2679</ymin><xmax>1727</xmax><ymax>2842</ymax></bndbox></object><object><name>cocoa_pod</name><pose>Unspecified</pose><truncated>0</truncated><difficult>0</difficult><bndbox><xmin>1519</xmin><ymin>2489</ymin><xmax>1597</xmax><ymax>2607</ymax></bndbox></object><object><name>cocoa_pod</name><pose>Unspecified</pose><truncated>0</truncated><difficult>0</difficult><bndbox><xmin>1222</xmin><ymin>2340</ymin><xmax>1296</xmax><ymax>2429</ymax></bndbox></object><object><name>cocoa_pod</name><pose>Unspecified</pose><truncated>0</truncated><difficult>0</difficult><bndbox><xmin>1213</xmin><ymin>2331</ymin><xmax>1264</xmax><ymax>2398</ymax></bndbox></object><object><name>cocoa_pod</name><pose>Unspecified</pose><truncated>0</truncated><difficult>0</difficult><bndbox><xmin>1527</xmin><ymin>2423</ymin><xmax>1589</xmax><ymax>2490</ymax></bndbox></object><object><name>cocoa_pod</name><pose>Unspecified</pose><truncated>0</truncated><difficult>0</difficult><bndbox><xmin>1628</xmin><ymin>2568</ymin><xmax>1826</xmax><ymax>2800</ymax></bndbox></object><object><name>cocoa_pod</name><pose>Unspecified</pose><truncated>0</truncated><difficult>0</difficult><bndbox><xmin>1612</xmin><ymin>2396</ymin><xmax>1867</xmax><ymax>2725</ymax></bndbox></object><object><name>flower</name><pose>Unspecified</pose><truncated>0</truncated><difficult>0</difficult><bndbox><xmin>1665</xmin><ymin>2233</ymin><xmax>1700</xmax><ymax>2271</ymax></bndbox></object><object><name>cocoa_pod</name><pose>Unspecified</pose><truncated>0</truncated><difficult>0</difficult><bndbox><xmin>1636</xmin><ymin>3237</ymin><xmax>1923</xmax><ymax>3595</ymax></bndbox></object><object><name>cocoa_pod</name><pose>Unspecified</pose><truncated>0</truncated><difficult>0</difficult><bndbox><xmin>1513</xmin><ymin>3094</ymin><xmax>1671</xmax><ymax>3296</ymax></bndbox></object><object><name>cocoa_pod</name><pose>Unspecified</pose><truncated>0</truncated><difficult>0</difficult><bndbox><xmin>1855</xmin><ymin>3025</ymin><xmax>2001</xmax><ymax>3214</ymax></bndbox></object><object><name>cocoa_pod</name><pose>Unspecified</pose><truncated>0</truncated><difficult>0</difficult><bndbox><xmin>1681</xmin><ymin>2913</ymin><xmax>1838</xmax><ymax>3124</ymax></bndbox></object><object><name>cocoa_pod</name><pose>Unspecified</pose><truncated>0</truncated><difficult>0</difficult><bndbox><xmin>1239</xmin><ymin>3176</ymin><xmax>1326</xmax><ymax>3289</ymax></bndbox></object><object><name>flower</name><pose>Unspecified</pose><truncated>0</truncated><difficult>0</difficult><bndbox><xmin>1268</xmin><ymin>3303</ymin><xmax>1285</xmax><ymax>3321</ymax></bndbox></object><object><name>cocoa_pod</name><pose>Unspecified</pose><truncated>0</truncated><difficult>0</difficult><bndbox><xmin>523</xmin><ymin>2827</ymin><xmax>583</xmax><ymax>2894</ymax></bndbox></object><object><name>cocoa_pod</name><pose>Unspecified</pose><truncated>0</truncated><difficult>0</difficult><bndbox><xmin>431</xmin><ymin>2807</ymin><xmax>509</xmax><ymax>2915</ymax></bndbox></object><object><name>cocoa_pod</name><pose>Unspecified</pose><truncated>0</truncated><difficult>0</difficult><bndbox><xmin>609</xmin><ymin>2924</ymin><xmax>678</xmax><ymax>3019</ymax></bndbox></object><object><name>flower</name><pose>Unspecified</pose><truncated>0</truncated><difficult>0</difficult><bndbox><xmin>890</xmin><ymin>2191</ymin><xmax>916</xmax><ymax>2218</ymax></bndbox></object><object><name>flower</name><pose>Unspecified</pose><truncated>0</truncated><difficult>0</difficult><bndbox><xmin>970</xmin><ymin>2211</ymin><xmax>993</xmax><ymax>2230</ymax></bndbox></object><object><name>flower</name><pose>Unspecified</pose><truncated>0</truncated><difficult>0</difficult><bndbox><xmin>752</xmin><ymin>2274</ymin><xmax>775</xmax><ymax>2292</ymax></bndbox></object><object><name>flower</name><pose>Unspecified</pose><truncated>0</truncated><difficult>0</difficult><bndbox><xmin>778</xmin><ymin>2299</ymin><xmax>801</xmax><ymax>2324</ymax></bndbox></object><object><name>cocoa_pod</name><pose>Unspecified</pose><truncated>0</truncated><difficult>0</difficult><bndbox><xmin>2406</xmin><ymin>3264</ymin><xmax>2469</xmax><ymax>3345</ymax></bndbox></object><object><name>cocoa_pod</name><pose>Unspecified</pose><truncated>0</truncated><difficult>0</difficult><bndbox><xmin>2283</xmin><ymin>3081</ymin><xmax>2479</xmax><ymax>3342</ymax></bndbox></object><object><name>cocoa_pod</name><pose>Unspecified</pose><truncated>0</truncated><difficult>0</difficult><bndbox><xmin>1887</xmin><ymin>3638</ymin><xmax>2134</xmax><ymax>3984</ymax></bndbox></object><object><name>flower</name><pose>Unspecified</pose><truncated>0</truncated><difficult>0</difficult><bndbox><xmin>1463</xmin><ymin>3259</ymin><xmax>1485</xmax><ymax>3284</ymax></bndbox></object><object><name>cocoa_pod</name><pose>Unspecified</pose><truncated>0</truncated><difficult>0</difficult><bndbox><xmin>462</xmin><ymin>3433</ymin><xmax>753</xmax><ymax>3782</ymax></bndbox></object><object><name>flower</name><pose>Unspecified</pose><truncated>0</truncated><difficult>0</difficult><bndbox><xmin>238</xmin><ymin>3602</ymin><xmax>283</xmax><ymax>3662</ymax></bndbox></object><object><name>flower</name><pose>Unspecified</pose><truncated>0</truncated><difficult>0</difficult><bndbox><xmin>1138</xmin><ymin>3433</ymin><xmax>1168</xmax><ymax>3466</ymax></bndbox></object><object><name>flower</name><pose>Unspecified</pose><truncated>0</truncated><difficult>0</difficult><bndbox><xmin>640</xmin><ymin>2735</ymin><xmax>663</xmax><ymax>2761</ymax></bndbox></object></annotation>