<annotation>
	<folder>Data</folder>
	<filename>3-1.jpg</filename>
	<path>D:\ME Geoinformatics\Third Sem\Deep Learning in Remote Sensing (GEOI_502)\Assignment\Labaling Data\AI4CooaFlower\AI4CooaFlower\Data\3-1.jpg</path>
	<source>
		<database>Unknown</database>
	</source>
	<size>
		<width>4160</width>
		<height>3120</height>
		<depth>3</depth>
	</size>
	<segmented>0</segmented>
	<object>
		<name>cocoa_pod</name>
		<pose>Unspecified</pose>
		<truncated>0</truncated>
		<difficult>0</difficult>
		<bndbox>
			<xmin>1459</xmin>
			<ymin>1751</ymin>
			<xmax>1627</xmax>
			<ymax>1870</ymax>
		</bndbox>
	</object>
	<object>
		<name>cocoa_pod</name>
		<pose>Unspecified</pose>
		<truncated>0</truncated>
		<difficult>0</difficult>
		<bndbox>
			<xmin>1614</xmin>
			<ymin>1235</ymin>
			<xmax>1734</xmax>
			<ymax>1318</ymax>
		</bndbox>
	</object>
	<object>
		<name>cocoa_pod</name>
		<pose>Unspecified</pose>
		<truncated>0</truncated>
		<difficult>0</difficult>
		<bndbox>
			<xmin>1346</xmin>
			<ymin>1364</ymin>
			<xmax>1402</xmax>
			<ymax>1400</ymax>
		</bndbox>
	</object>
</annotation>
