<?xml version='1.0' encoding='utf-8'?>
<annotation>
	<folder>Data</folder>
	<filename>3-1_aug2.jpg</filename>
	<path>/content/drive/MyDrive/deeplearning/Assignment/augmented_data/images/3-1_aug2.jpg</path>
	<source>
		<database>Unknown</database>
	</source>
	<size>
		<width>3120</width>
		<height>4160</height>
		<depth>3</depth>
	</size>
	<segmented>0</segmented>
	<object><name>cocoa_pod</name><pose>Unspecified</pose><truncated>0</truncated><difficult>0</difficult><bndbox><xmin>1094</xmin><ymin>2334</ymin><xmax>1220</xmax><ymax>2493</ymax></bndbox></object><object><name>cocoa_pod</name><pose>Unspecified</pose><truncated>0</truncated><difficult>0</difficult><bndbox><xmin>1210</xmin><ymin>1646</ymin><xmax>1300</xmax><ymax>1757</ymax></bndbox></object><object><name>cocoa_pod</name><pose>Unspecified</pose><truncated>0</truncated><difficult>0</difficult><bndbox><xmin>1009</xmin><ymin>1818</ymin><xmax>1051</xmax><ymax>1866</ymax></bndbox></object></annotation>