<annotation>
	<folder>Data</folder>
	<filename>3-4.jpg</filename>
	<path>D:\ME Geoinformatics\Third Sem\Deep Learning in Remote Sensing (GEOI_502)\Assignment\Labaling Data\AI4CooaFlower\AI4CooaFlower\Data\3-4.jpg</path>
	<source>
		<database>Unknown</database>
	</source>
	<size>
		<width>4160</width>
		<height>3120</height>
		<depth>3</depth>
	</size>
	<segmented>0</segmented>
	<object>
		<name>cocoa_pod</name>
		<pose>Unspecified</pose>
		<truncated>0</truncated>
		<difficult>0</difficult>
		<bndbox>
			<xmin>1859</xmin>
			<ymin>1405</ymin>
			<xmax>1986</xmax>
			<ymax>1488</ymax>
		</bndbox>
	</object>
	<object>
		<name>cocoa_pod</name>
		<pose>Unspecified</pose>
		<truncated>0</truncated>
		<difficult>0</difficult>
		<bndbox>
			<xmin>1720</xmin>
			<ymin>1330</ymin>
			<xmax>1787</xmax>
			<ymax>1370</ymax>
		</bndbox>
	</object>
	<object>
		<name>cocoa_pod</name>
		<pose>Unspecified</pose>
		<truncated>0</truncated>
		<difficult>0</difficult>
		<bndbox>
			<xmin>2087</xmin>
			<ymin>2576</ymin>
			<xmax>2279</xmax>
			<ymax>2690</ymax>
		</bndbox>
	</object>
</annotation>
