<?xml version='1.0' encoding='utf-8'?>
<annotation>
	<folder>Data</folder>
	<filename>4-2_aug2.jpg</filename>
	<path>/content/drive/MyDrive/deeplearning/Assignment/augmented_data/images/4-2_aug2.jpg</path>
	<source>
		<database>Unknown</database>
	</source>
	<size>
		<width>3120</width>
		<height>4160</height>
		<depth>3</depth>
	</size>
	<segmented>0</segmented>
	<object><name>flower</name><pose>Unspecified</pose><truncated>0</truncated><difficult>0</difficult><bndbox><xmin>1649</xmin><ymin>1952</ymin><xmax>1671</xmax><ymax>1982</ymax></bndbox></object><object><name>flower</name><pose>Unspecified</pose><truncated>0</truncated><difficult>0</difficult><bndbox><xmin>1856</xmin><ymin>1781</ymin><xmax>1877</xmax><ymax>1802</ymax></bndbox></object><object><name>flower</name><pose>Unspecified</pose><truncated>0</truncated><difficult>0</difficult><bndbox><xmin>1685</xmin><ymin>1820</ymin><xmax>1711</xmax><ymax>1842</ymax></bndbox></object><object><name>flower</name><pose>Unspecified</pose><truncated>0</truncated><difficult>0</difficult><bndbox><xmin>1591</xmin><ymin>1888</ymin><xmax>1610</xmax><ymax>1911</ymax></bndbox></object><object><name>flower</name><pose>Unspecified</pose><truncated>0</truncated><difficult>0</difficult><bndbox><xmin>1602</xmin><ymin>1815</ymin><xmax>1626</xmax><ymax>1850</ymax></bndbox></object><object><name>flower</name><pose>Unspecified</pose><truncated>0</truncated><difficult>0</difficult><bndbox><xmin>1681</xmin><ymin>1788</ymin><xmax>1707</xmax><ymax>1809</ymax></bndbox></object><object><name>flower</name><pose>Unspecified</pose><truncated>0</truncated><difficult>0</difficult><bndbox><xmin>1305</xmin><ymin>2014</ymin><xmax>1323</xmax><ymax>2028</ymax></bndbox></object><object><name>flower</name><pose>Unspecified</pose><truncated>0</truncated><difficult>0</difficult><bndbox><xmin>2097</xmin><ymin>1833</ymin><xmax>2115</xmax><ymax>1866</ymax></bndbox></object><object><name>flower</name><pose>Unspecified</pose><truncated>0</truncated><difficult>0</difficult><bndbox><xmin>2071</xmin><ymin>2037</ymin><xmax>2085</xmax><ymax>2052</ymax></bndbox></object><object><name>flower</name><pose>Unspecified</pose><truncated>0</truncated><difficult>0</difficult><bndbox><xmin>2441</xmin><ymin>2148</ymin><xmax>2480</xmax><ymax>2199</ymax></bndbox></object><object><name>flower</name><pose>Unspecified</pose><truncated>0</truncated><difficult>0</difficult><bndbox><xmin>2368</xmin><ymin>2137</ymin><xmax>2393</xmax><ymax>2168</ymax></bndbox></object><object><name>flower</name><pose>Unspecified</pose><truncated>0</truncated><difficult>0</difficult><bndbox><xmin>2523</xmin><ymin>2178</ymin><xmax>2544</xmax><ymax>2214</ymax></bndbox></object><object><name>flower</name><pose>Unspecified</pose><truncated>0</truncated><difficult>0</difficult><bndbox><xmin>2502</xmin><ymin>2213</ymin><xmax>2530</xmax><ymax>2250</ymax></bndbox></object><object><name>flower</name><pose>Unspecified</pose><truncated>0</truncated><difficult>0</difficult><bndbox><xmin>2559</xmin><ymin>2109</ymin><xmax>2573</xmax><ymax>2123</ymax></bndbox></object><object><name>flower</name><pose>Unspecified</pose><truncated>0</truncated><difficult>0</difficult><bndbox><xmin>2508</xmin><ymin>2052</ymin><xmax>2528</xmax><ymax>2078</ymax></bndbox></object><object><name>flower</name><pose>Unspecified</pose><truncated>0</truncated><difficult>0</difficult><bndbox><xmin>2516</xmin><ymin>2137</ymin><xmax>2528</xmax><ymax>2154</ymax></bndbox></object><object><name>flower</name><pose>Unspecified</pose><truncated>0</truncated><difficult>0</difficult><bndbox><xmin>1881</xmin><ymin>1771</ymin><xmax>1908</xmax><ymax>1798</ymax></bndbox></object><object><name>flower</name><pose>Unspecified</pose><truncated>0</truncated><difficult>0</difficult><bndbox><xmin>2185</xmin><ymin>2084</ymin><xmax>2199</xmax><ymax>2109</ymax></bndbox></object><object><name>flower</name><pose>Unspecified</pose><truncated>0</truncated><difficult>0</difficult><bndbox><xmin>2175</xmin><ymin>1886</ymin><xmax>2194</xmax><ymax>1903</ymax></bndbox></object><object><name>flower</name><pose>Unspecified</pose><truncated>0</truncated><difficult>0</difficult><bndbox><xmin>1609</xmin><ymin>1946</ymin><xmax>1620</xmax><ymax>1966</ymax></bndbox></object></annotation>