<?xml version='1.0' encoding='utf-8'?>
<annotation>
	<folder>Data</folder>
	<filename>4-3_aug1.jpg</filename>
	<path>/content/drive/MyDrive/deeplearning/Assignment/augmented_data/images/4-3_aug1.jpg</path>
	<source>
		<database>Unknown</database>
	</source>
	<size>
		<width>4160</width>
		<height>3120</height>
		<depth>3</depth>
	</size>
	<segmented>0</segmented>
	<object><name>flower</name><pose>Unspecified</pose><truncated>0</truncated><difficult>0</difficult><bndbox><xmin>1580</xmin><ymin>1091</ymin><xmax>1610</xmax><ymax>1111</ymax></bndbox></object><object><name>flower</name><pose>Unspecified</pose><truncated>0</truncated><difficult>0</difficult><bndbox><xmin>2084</xmin><ymin>1187</ymin><xmax>2135</xmax><ymax>1208</ymax></bndbox></object><object><name>flower</name><pose>Unspecified</pose><truncated>0</truncated><difficult>0</difficult><bndbox><xmin>2422</xmin><ymin>1391</ymin><xmax>2450</xmax><ymax>1406</ymax></bndbox></object><object><name>flower</name><pose>Unspecified</pose><truncated>0</truncated><difficult>0</difficult><bndbox><xmin>2357</xmin><ymin>1395</ymin><xmax>2390</xmax><ymax>1417</ymax></bndbox></object><object><name>flower</name><pose>Unspecified</pose><truncated>0</truncated><difficult>0</difficult><bndbox><xmin>2017</xmin><ymin>1261</ymin><xmax>2046</xmax><ymax>1272</ymax></bndbox></object><object><name>flower</name><pose>Unspecified</pose><truncated>0</truncated><difficult>0</difficult><bndbox><xmin>1957</xmin><ymin>1251</ymin><xmax>1986</xmax><ymax>1269</ymax></bndbox></object><object><name>flower</name><pose>Unspecified</pose><truncated>0</truncated><difficult>0</difficult><bndbox><xmin>1871</xmin><ymin>1244</ymin><xmax>1905</xmax><ymax>1265</ymax></bndbox></object><object><name>flower</name><pose>Unspecified</pose><truncated>0</truncated><difficult>0</difficult><bndbox><xmin>1710</xmin><ymin>1158</ymin><xmax>1742</xmax><ymax>1180</ymax></bndbox></object><object><name>flower</name><pose>Unspecified</pose><truncated>0</truncated><difficult>0</difficult><bndbox><xmin>2461</xmin><ymin>1546</ymin><xmax>2481</xmax><ymax>1569</ymax></bndbox></object><object><name>flower</name><pose>Unspecified</pose><truncated>0</truncated><difficult>0</difficult><bndbox><xmin>2498</xmin><ymin>1460</ymin><xmax>2533</xmax><ymax>1482</ymax></bndbox></object><object><name>flower</name><pose>Unspecified</pose><truncated>0</truncated><difficult>0</difficult><bndbox><xmin>2545</xmin><ymin>1572</ymin><xmax>2566</xmax><ymax>1589</ymax></bndbox></object><object><name>flower</name><pose>Unspecified</pose><truncated>0</truncated><difficult>0</difficult><bndbox><xmin>2348</xmin><ymin>1716</ymin><xmax>2386</xmax><ymax>1728</ymax></bndbox></object><object><name>flower</name><pose>Unspecified</pose><truncated>0</truncated><difficult>0</difficult><bndbox><xmin>2333</xmin><ymin>1698</ymin><xmax>2369</xmax><ymax>1718</ymax></bndbox></object><object><name>flower</name><pose>Unspecified</pose><truncated>0</truncated><difficult>0</difficult><bndbox><xmin>2545</xmin><ymin>1467</ymin><xmax>2576</xmax><ymax>1491</ymax></bndbox></object><object><name>flower</name><pose>Unspecified</pose><truncated>0</truncated><difficult>0</difficult><bndbox><xmin>2490</xmin><ymin>1501</ymin><xmax>2508</xmax><ymax>1514</ymax></bndbox></object><object><name>flower</name><pose>Unspecified</pose><truncated>0</truncated><difficult>0</difficult><bndbox><xmin>2356</xmin><ymin>1470</ymin><xmax>2381</xmax><ymax>1484</ymax></bndbox></object><object><name>flower</name><pose>Unspecified</pose><truncated>0</truncated><difficult>0</difficult><bndbox><xmin>2321</xmin><ymin>1942</ymin><xmax>2348</xmax><ymax>1965</ymax></bndbox></object><object><name>flower</name><pose>Unspecified</pose><truncated>0</truncated><difficult>0</difficult><bndbox><xmin>2306</xmin><ymin>2046</ymin><xmax>2341</xmax><ymax>2077</ymax></bndbox></object><object><name>flower</name><pose>Unspecified</pose><truncated>0</truncated><difficult>0</difficult><bndbox><xmin>2327</xmin><ymin>2163</ymin><xmax>2350</xmax><ymax>2176</ymax></bndbox></object><object><name>flower</name><pose>Unspecified</pose><truncated>0</truncated><difficult>0</difficult><bndbox><xmin>2416</xmin><ymin>2183</ymin><xmax>2440</xmax><ymax>2196</ymax></bndbox></object><object><name>flower</name><pose>Unspecified</pose><truncated>0</truncated><difficult>0</difficult><bndbox><xmin>2525</xmin><ymin>2078</ymin><xmax>2565</xmax><ymax>2094</ymax></bndbox></object><object><name>flower</name><pose>Unspecified</pose><truncated>0</truncated><difficult>0</difficult><bndbox><xmin>2501</xmin><ymin>2199</ymin><xmax>2522</xmax><ymax>2214</ymax></bndbox></object><object><name>flower</name><pose>Unspecified</pose><truncated>0</truncated><difficult>0</difficult><bndbox><xmin>2378</xmin><ymin>2308</ymin><xmax>2420</xmax><ymax>2330</ymax></bndbox></object><object><name>flower</name><pose>Unspecified</pose><truncated>0</truncated><difficult>0</difficult><bndbox><xmin>2317</xmin><ymin>2406</ymin><xmax>2361</xmax><ymax>2417</ymax></bndbox></object><object><name>flower</name><pose>Unspecified</pose><truncated>0</truncated><difficult>0</difficult><bndbox><xmin>2333</xmin><ymin>2415</ymin><xmax>2371</xmax><ymax>2435</ymax></bndbox></object><object><name>flower</name><pose>Unspecified</pose><truncated>0</truncated><difficult>0</difficult><bndbox><xmin>2320</xmin><ymin>2463</ymin><xmax>2341</xmax><ymax>2487</ymax></bndbox></object><object><name>flower</name><pose>Unspecified</pose><truncated>0</truncated><difficult>0</difficult><bndbox><xmin>2265</xmin><ymin>2406</ymin><xmax>2305</xmax><ymax>2426</ymax></bndbox></object><object><name>flower</name><pose>Unspecified</pose><truncated>0</truncated><difficult>0</difficult><bndbox><xmin>2463</xmin><ymin>2453</ymin><xmax>2508</xmax><ymax>2485</ymax></bndbox></object><object><name>flower</name><pose>Unspecified</pose><truncated>0</truncated><difficult>0</difficult><bndbox><xmin>2429</xmin><ymin>2365</ymin><xmax>2458</xmax><ymax>2389</ymax></bndbox></object><object><name>flower</name><pose>Unspecified</pose><truncated>0</truncated><difficult>0</difficult><bndbox><xmin>2429</xmin><ymin>2391</ymin><xmax>2446</xmax><ymax>2408</ymax></bndbox></object><object><name>flower</name><pose>Unspecified</pose><truncated>0</truncated><difficult>0</difficult><bndbox><xmin>2369</xmin><ymin>2406</ymin><xmax>2391</xmax><ymax>2417</ymax></bndbox></object><object><name>flower</name><pose>Unspecified</pose><truncated>0</truncated><difficult>0</difficult><bndbox><xmin>2386</xmin><ymin>2421</ymin><xmax>2402</xmax><ymax>2432</ymax></bndbox></object><object><name>flower</name><pose>Unspecified</pose><truncated>0</truncated><difficult>0</difficult><bndbox><xmin>2478</xmin><ymin>2369</ymin><xmax>2525</xmax><ymax>2404</ymax></bndbox></object><object><name>flower</name><pose>Unspecified</pose><truncated>0</truncated><difficult>0</difficult><bndbox><xmin>2499</xmin><ymin>2415</ymin><xmax>2529</xmax><ymax>2435</ymax></bndbox></object><object><name>flower</name><pose>Unspecified</pose><truncated>0</truncated><difficult>0</difficult><bndbox><xmin>2449</xmin><ymin>1965</ymin><xmax>2476</xmax><ymax>1977</ymax></bndbox></object><object><name>flower</name><pose>Unspecified</pose><truncated>0</truncated><difficult>0</difficult><bndbox><xmin>2444</xmin><ymin>1365</ymin><xmax>2461</xmax><ymax>1376</ymax></bndbox></object></annotation>