<?xml version='1.0' encoding='utf-8'?>
<annotation>
	<folder>Data</folder>
	<filename>4-3_aug3.jpg</filename>
	<path>/content/drive/MyDrive/deeplearning/Assignment/augmented_data/images/4-3_aug3.jpg</path>
	<source>
		<database>Unknown</database>
	</source>
	<size>
		<width>3120</width>
		<height>4160</height>
		<depth>3</depth>
	</size>
	<segmented>0</segmented>
	<object><name>flower</name><pose>Unspecified</pose><truncated>0</truncated><difficult>0</difficult><bndbox><xmin>1091</xmin><ymin>2549</ymin><xmax>1111</xmax><ymax>2579</ymax></bndbox></object><object><name>flower</name><pose>Unspecified</pose><truncated>0</truncated><difficult>0</difficult><bndbox><xmin>1187</xmin><ymin>2024</ymin><xmax>1208</xmax><ymax>2075</ymax></bndbox></object><object><name>flower</name><pose>Unspecified</pose><truncated>0</truncated><difficult>0</difficult><bndbox><xmin>1391</xmin><ymin>1709</ymin><xmax>1406</xmax><ymax>1737</ymax></bndbox></object><object><name>flower</name><pose>Unspecified</pose><truncated>0</truncated><difficult>0</difficult><bndbox><xmin>1395</xmin><ymin>1769</ymin><xmax>1417</xmax><ymax>1802</ymax></bndbox></object><object><name>flower</name><pose>Unspecified</pose><truncated>0</truncated><difficult>0</difficult><bndbox><xmin>1261</xmin><ymin>2113</ymin><xmax>1272</xmax><ymax>2142</ymax></bndbox></object><object><name>flower</name><pose>Unspecified</pose><truncated>0</truncated><difficult>0</difficult><bndbox><xmin>1251</xmin><ymin>2173</ymin><xmax>1269</xmax><ymax>2202</ymax></bndbox></object><object><name>flower</name><pose>Unspecified</pose><truncated>0</truncated><difficult>0</difficult><bndbox><xmin>1244</xmin><ymin>2254</ymin><xmax>1265</xmax><ymax>2288</ymax></bndbox></object><object><name>flower</name><pose>Unspecified</pose><truncated>0</truncated><difficult>0</difficult><bndbox><xmin>1158</xmin><ymin>2417</ymin><xmax>1180</xmax><ymax>2449</ymax></bndbox></object><object><name>flower</name><pose>Unspecified</pose><truncated>0</truncated><difficult>0</difficult><bndbox><xmin>1546</xmin><ymin>1678</ymin><xmax>1569</xmax><ymax>1698</ymax></bndbox></object><object><name>flower</name><pose>Unspecified</pose><truncated>0</truncated><difficult>0</difficult><bndbox><xmin>1460</xmin><ymin>1626</ymin><xmax>1482</xmax><ymax>1661</ymax></bndbox></object><object><name>flower</name><pose>Unspecified</pose><truncated>0</truncated><difficult>0</difficult><bndbox><xmin>1572</xmin><ymin>1593</ymin><xmax>1589</xmax><ymax>1614</ymax></bndbox></object><object><name>flower</name><pose>Unspecified</pose><truncated>0</truncated><difficult>0</difficult><bndbox><xmin>1716</xmin><ymin>1773</ymin><xmax>1728</xmax><ymax>1811</ymax></bndbox></object><object><name>flower</name><pose>Unspecified</pose><truncated>0</truncated><difficult>0</difficult><bndbox><xmin>1698</xmin><ymin>1790</ymin><xmax>1718</xmax><ymax>1826</ymax></bndbox></object><object><name>flower</name><pose>Unspecified</pose><truncated>0</truncated><difficult>0</difficult><bndbox><xmin>1467</xmin><ymin>1583</ymin><xmax>1491</xmax><ymax>1614</ymax></bndbox></object><object><name>flower</name><pose>Unspecified</pose><truncated>0</truncated><difficult>0</difficult><bndbox><xmin>1501</xmin><ymin>1651</ymin><xmax>1514</xmax><ymax>1669</ymax></bndbox></object><object><name>flower</name><pose>Unspecified</pose><truncated>0</truncated><difficult>0</difficult><bndbox><xmin>1470</xmin><ymin>1778</ymin><xmax>1484</xmax><ymax>1803</ymax></bndbox></object><object><name>flower</name><pose>Unspecified</pose><truncated>0</truncated><difficult>0</difficult><bndbox><xmin>1942</xmin><ymin>1811</ymin><xmax>1965</xmax><ymax>1838</ymax></bndbox></object><object><name>flower</name><pose>Unspecified</pose><truncated>0</truncated><difficult>0</difficult><bndbox><xmin>2046</xmin><ymin>1818</ymin><xmax>2077</xmax><ymax>1853</ymax></bndbox></object><object><name>flower</name><pose>Unspecified</pose><truncated>0</truncated><difficult>0</difficult><bndbox><xmin>2163</xmin><ymin>1809</ymin><xmax>2176</xmax><ymax>1832</ymax></bndbox></object><object><name>flower</name><pose>Unspecified</pose><truncated>0</truncated><difficult>0</difficult><bndbox><xmin>2183</xmin><ymin>1719</ymin><xmax>2196</xmax><ymax>1743</ymax></bndbox></object><object><name>flower</name><pose>Unspecified</pose><truncated>0</truncated><difficult>0</difficult><bndbox><xmin>2078</xmin><ymin>1594</ymin><xmax>2094</xmax><ymax>1634</ymax></bndbox></object><object><name>flower</name><pose>Unspecified</pose><truncated>0</truncated><difficult>0</difficult><bndbox><xmin>2199</xmin><ymin>1637</ymin><xmax>2214</xmax><ymax>1658</ymax></bndbox></object><object><name>flower</name><pose>Unspecified</pose><truncated>0</truncated><difficult>0</difficult><bndbox><xmin>2308</xmin><ymin>1739</ymin><xmax>2330</xmax><ymax>1781</ymax></bndbox></object><object><name>flower</name><pose>Unspecified</pose><truncated>0</truncated><difficult>0</difficult><bndbox><xmin>2406</xmin><ymin>1798</ymin><xmax>2417</xmax><ymax>1842</ymax></bndbox></object><object><name>flower</name><pose>Unspecified</pose><truncated>0</truncated><difficult>0</difficult><bndbox><xmin>2415</xmin><ymin>1788</ymin><xmax>2435</xmax><ymax>1826</ymax></bndbox></object><object><name>flower</name><pose>Unspecified</pose><truncated>0</truncated><difficult>0</difficult><bndbox><xmin>2463</xmin><ymin>1818</ymin><xmax>2487</xmax><ymax>1839</ymax></bndbox></object><object><name>flower</name><pose>Unspecified</pose><truncated>0</truncated><difficult>0</difficult><bndbox><xmin>2406</xmin><ymin>1854</ymin><xmax>2426</xmax><ymax>1894</ymax></bndbox></object><object><name>flower</name><pose>Unspecified</pose><truncated>0</truncated><difficult>0</difficult><bndbox><xmin>2453</xmin><ymin>1651</ymin><xmax>2485</xmax><ymax>1696</ymax></bndbox></object><object><name>flower</name><pose>Unspecified</pose><truncated>0</truncated><difficult>0</difficult><bndbox><xmin>2365</xmin><ymin>1701</ymin><xmax>2389</xmax><ymax>1730</ymax></bndbox></object><object><name>flower</name><pose>Unspecified</pose><truncated>0</truncated><difficult>0</difficult><bndbox><xmin>2391</xmin><ymin>1713</ymin><xmax>2408</xmax><ymax>1730</ymax></bndbox></object><object><name>flower</name><pose>Unspecified</pose><truncated>0</truncated><difficult>0</difficult><bndbox><xmin>2406</xmin><ymin>1768</ymin><xmax>2417</xmax><ymax>1790</ymax></bndbox></object><object><name>flower</name><pose>Unspecified</pose><truncated>0</truncated><difficult>0</difficult><bndbox><xmin>2421</xmin><ymin>1757</ymin><xmax>2432</xmax><ymax>1773</ymax></bndbox></object><object><name>flower</name><pose>Unspecified</pose><truncated>0</truncated><difficult>0</difficult><bndbox><xmin>2369</xmin><ymin>1634</ymin><xmax>2404</xmax><ymax>1681</ymax></bndbox></object><object><name>flower</name><pose>Unspecified</pose><truncated>0</truncated><difficult>0</difficult><bndbox><xmin>2415</xmin><ymin>1630</ymin><xmax>2435</xmax><ymax>1660</ymax></bndbox></object><object><name>flower</name><pose>Unspecified</pose><truncated>0</truncated><difficult>0</difficult><bndbox><xmin>1965</xmin><ymin>1683</ymin><xmax>1977</xmax><ymax>1710</ymax></bndbox></object><object><name>flower</name><pose>Unspecified</pose><truncated>0</truncated><difficult>0</difficult><bndbox><xmin>1365</xmin><ymin>1698</ymin><xmax>1376</xmax><ymax>1715</ymax></bndbox></object></annotation>