<?xml version='1.0' encoding='utf-8'?>
<annotation>
	<folder>Data</folder>
	<filename>4-4_aug1.jpg</filename>
	<path>/content/drive/MyDrive/deeplearning/Assignment/augmented_data/images/4-4_aug1.jpg</path>
	<source>
		<database>Unknown</database>
	</source>
	<size>
		<width>3120</width>
		<height>4160</height>
		<depth>3</depth>
	</size>
	<segmented>0</segmented>
	<object><name>flower</name><pose>Unspecified</pose><truncated>0</truncated><difficult>0</difficult><bndbox><xmin>2476</xmin><ymin>1223</ymin><xmax>2513</xmax><ymax>1275</ymax></bndbox></object><object><name>flower</name><pose>Unspecified</pose><truncated>0</truncated><difficult>0</difficult><bndbox><xmin>2404</xmin><ymin>1180</ymin><xmax>2446</xmax><ymax>1236</ymax></bndbox></object><object><name>flower</name><pose>Unspecified</pose><truncated>0</truncated><difficult>0</difficult><bndbox><xmin>2366</xmin><ymin>1130</ymin><xmax>2410</xmax><ymax>1181</ymax></bndbox></object><object><name>flower</name><pose>Unspecified</pose><truncated>0</truncated><difficult>0</difficult><bndbox><xmin>2424</xmin><ymin>1259</ymin><xmax>2451</xmax><ymax>1293</ymax></bndbox></object><object><name>flower</name><pose>Unspecified</pose><truncated>0</truncated><difficult>0</difficult><bndbox><xmin>2503</xmin><ymin>1354</ymin><xmax>2523</xmax><ymax>1374</ymax></bndbox></object><object><name>flower</name><pose>Unspecified</pose><truncated>0</truncated><difficult>0</difficult><bndbox><xmin>2490</xmin><ymin>1348</ymin><xmax>2504</xmax><ymax>1366</ymax></bndbox></object><object><name>flower</name><pose>Unspecified</pose><truncated>0</truncated><difficult>0</difficult><bndbox><xmin>2131</xmin><ymin>1266</ymin><xmax>2166</xmax><ymax>1315</ymax></bndbox></object><object><name>flower</name><pose>Unspecified</pose><truncated>0</truncated><difficult>0</difficult><bndbox><xmin>2023</xmin><ymin>1260</ymin><xmax>2057</xmax><ymax>1298</ymax></bndbox></object><object><name>flower</name><pose>Unspecified</pose><truncated>0</truncated><difficult>0</difficult><bndbox><xmin>2012</xmin><ymin>1239</ymin><xmax>2035</xmax><ymax>1268</ymax></bndbox></object><object><name>flower</name><pose>Unspecified</pose><truncated>0</truncated><difficult>0</difficult><bndbox><xmin>1910</xmin><ymin>1215</ymin><xmax>1931</xmax><ymax>1250</ymax></bndbox></object><object><name>flower</name><pose>Unspecified</pose><truncated>0</truncated><difficult>0</difficult><bndbox><xmin>1810</xmin><ymin>1328</ymin><xmax>1830</xmax><ymax>1355</ymax></bndbox></object><object><name>flower</name><pose>Unspecified</pose><truncated>0</truncated><difficult>0</difficult><bndbox><xmin>1791</xmin><ymin>1285</ymin><xmax>1806</xmax><ymax>1309</ymax></bndbox></object><object><name>flower</name><pose>Unspecified</pose><truncated>0</truncated><difficult>0</difficult><bndbox><xmin>1782</xmin><ymin>1256</ymin><xmax>1804</xmax><ymax>1285</ymax></bndbox></object><object><name>flower</name><pose>Unspecified</pose><truncated>0</truncated><difficult>0</difficult><bndbox><xmin>1805</xmin><ymin>1298</ymin><xmax>1817</xmax><ymax>1313</ymax></bndbox></object><object><name>flower</name><pose>Unspecified</pose><truncated>0</truncated><difficult>0</difficult><bndbox><xmin>1562</xmin><ymin>1206</ymin><xmax>1591</xmax><ymax>1242</ymax></bndbox></object><object><name>flower</name><pose>Unspecified</pose><truncated>0</truncated><difficult>0</difficult><bndbox><xmin>1453</xmin><ymin>1242</ymin><xmax>1475</xmax><ymax>1268</ymax></bndbox></object><object><name>flower</name><pose>Unspecified</pose><truncated>0</truncated><difficult>0</difficult><bndbox><xmin>1339</xmin><ymin>1467</ymin><xmax>1370</xmax><ymax>1501</ymax></bndbox></object><object><name>flower</name><pose>Unspecified</pose><truncated>0</truncated><difficult>0</difficult><bndbox><xmin>1534</xmin><ymin>1446</ymin><xmax>1565</xmax><ymax>1483</ymax></bndbox></object><object><name>flower</name><pose>Unspecified</pose><truncated>0</truncated><difficult>0</difficult><bndbox><xmin>1643</xmin><ymin>2056</ymin><xmax>1659</xmax><ymax>2082</ymax></bndbox></object><object><name>flower</name><pose>Unspecified</pose><truncated>0</truncated><difficult>0</difficult><bndbox><xmin>1879</xmin><ymin>2837</ymin><xmax>1902</xmax><ymax>2873</ymax></bndbox></object><object><name>flower</name><pose>Unspecified</pose><truncated>0</truncated><difficult>0</difficult><bndbox><xmin>1661</xmin><ymin>1382</ymin><xmax>1692</xmax><ymax>1431</ymax></bndbox></object><object><name>flower</name><pose>Unspecified</pose><truncated>0</truncated><difficult>0</difficult><bndbox><xmin>1557</xmin><ymin>1239</ymin><xmax>1569</xmax><ymax>1254</ymax></bndbox></object><object><name>flower</name><pose>Unspecified</pose><truncated>0</truncated><difficult>0</difficult><bndbox><xmin>1405</xmin><ymin>1227</ymin><xmax>1433</xmax><ymax>1265</ymax></bndbox></object><object><name>flower</name><pose>Unspecified</pose><truncated>0</truncated><difficult>0</difficult><bndbox><xmin>1683</xmin><ymin>2182</ymin><xmax>1703</xmax><ymax>2210</ymax></bndbox></object><object><name>flower</name><pose>Unspecified</pose><truncated>0</truncated><difficult>0</difficult><bndbox><xmin>1521</xmin><ymin>2562</ymin><xmax>1540</xmax><ymax>2587</ymax></bndbox></object><object><name>flower</name><pose>Unspecified</pose><truncated>0</truncated><difficult>0</difficult><bndbox><xmin>1391</xmin><ymin>1135</ymin><xmax>1409</xmax><ymax>1161</ymax></bndbox></object><object><name>flower</name><pose>Unspecified</pose><truncated>0</truncated><difficult>0</difficult><bndbox><xmin>1561</xmin><ymin>1307</ymin><xmax>1575</xmax><ymax>1323</ymax></bndbox></object><object><name>flower</name><pose>Unspecified</pose><truncated>0</truncated><difficult>0</difficult><bndbox><xmin>1564</xmin><ymin>1323</ymin><xmax>1579</xmax><ymax>1345</ymax></bndbox></object></annotation>