<?xml version='1.0' encoding='utf-8'?>
<annotation>
	<folder>Data</folder>
	<filename>6-1_aug1.jpg</filename>
	<path>/content/drive/MyDrive/deeplearning/Assignment/augmented_data/images/6-1_aug1.jpg</path>
	<source>
		<database>Unknown</database>
	</source>
	<size>
		<width>3120</width>
		<height>4160</height>
		<depth>3</depth>
	</size>
	<segmented>0</segmented>
	<object><name>flower</name><pose>Unspecified</pose><truncated>0</truncated><difficult>0</difficult><bndbox><xmin>1413</xmin><ymin>2283</ymin><xmax>1425</xmax><ymax>2298</ymax></bndbox></object><object><name>flower</name><pose>Unspecified</pose><truncated>0</truncated><difficult>0</difficult><bndbox><xmin>1296</xmin><ymin>2230</ymin><xmax>1312</xmax><ymax>2248</ymax></bndbox></object><object><name>flower</name><pose>Unspecified</pose><truncated>0</truncated><difficult>0</difficult><bndbox><xmin>1347</xmin><ymin>2124</ymin><xmax>1360</xmax><ymax>2143</ymax></bndbox></object><object><name>flower</name><pose>Unspecified</pose><truncated>0</truncated><difficult>0</difficult><bndbox><xmin>1153</xmin><ymin>2084</ymin><xmax>1171</xmax><ymax>2100</ymax></bndbox></object><object><name>flower</name><pose>Unspecified</pose><truncated>0</truncated><difficult>0</difficult><bndbox><xmin>1056</xmin><ymin>2153</ymin><xmax>1070</xmax><ymax>2171</ymax></bndbox></object><object><name>flower</name><pose>Unspecified</pose><truncated>0</truncated><difficult>0</difficult><bndbox><xmin>1049</xmin><ymin>2183</ymin><xmax>1063</xmax><ymax>2203</ymax></bndbox></object><object><name>flower</name><pose>Unspecified</pose><truncated>0</truncated><difficult>0</difficult><bndbox><xmin>1018</xmin><ymin>2194</ymin><xmax>1034</xmax><ymax>2213</ymax></bndbox></object><object><name>flower</name><pose>Unspecified</pose><truncated>0</truncated><difficult>0</difficult><bndbox><xmin>694</xmin><ymin>2110</ymin><xmax>710</xmax><ymax>2130</ymax></bndbox></object><object><name>flower</name><pose>Unspecified</pose><truncated>0</truncated><difficult>0</difficult><bndbox><xmin>1099</xmin><ymin>2072</ymin><xmax>1113</xmax><ymax>2084</ymax></bndbox></object><object><name>flower</name><pose>Unspecified</pose><truncated>0</truncated><difficult>0</difficult><bndbox><xmin>1353</xmin><ymin>2276</ymin><xmax>1368</xmax><ymax>2290</ymax></bndbox></object><object><name>flower</name><pose>Unspecified</pose><truncated>0</truncated><difficult>0</difficult><bndbox><xmin>1216</xmin><ymin>2078</ymin><xmax>1235</xmax><ymax>2097</ymax></bndbox></object><object><name>flower</name><pose>Unspecified</pose><truncated>0</truncated><difficult>0</difficult><bndbox><xmin>1580</xmin><ymin>1601</ymin><xmax>1596</xmax><ymax>1624</ymax></bndbox></object><object><name>flower</name><pose>Unspecified</pose><truncated>0</truncated><difficult>0</difficult><bndbox><xmin>1703</xmin><ymin>1562</ymin><xmax>1714</xmax><ymax>1579</ymax></bndbox></object><object><name>flower</name><pose>Unspecified</pose><truncated>0</truncated><difficult>0</difficult><bndbox><xmin>1721</xmin><ymin>1654</ymin><xmax>1733</xmax><ymax>1673</ymax></bndbox></object><object><name>flower</name><pose>Unspecified</pose><truncated>0</truncated><difficult>0</difficult><bndbox><xmin>1883</xmin><ymin>2308</ymin><xmax>1898</xmax><ymax>2324</ymax></bndbox></object><object><name>flower</name><pose>Unspecified</pose><truncated>0</truncated><difficult>0</difficult><bndbox><xmin>1912</xmin><ymin>2953</ymin><xmax>1936</xmax><ymax>2978</ymax></bndbox></object><object><name>flower</name><pose>Unspecified</pose><truncated>0</truncated><difficult>0</difficult><bndbox><xmin>1573</xmin><ymin>2289</ymin><xmax>1585</xmax><ymax>2303</ymax></bndbox></object><object><name>flower</name><pose>Unspecified</pose><truncated>0</truncated><difficult>0</difficult><bndbox><xmin>1567</xmin><ymin>2364</ymin><xmax>1580</xmax><ymax>2376</ymax></bndbox></object><object><name>flower</name><pose>Unspecified</pose><truncated>0</truncated><difficult>0</difficult><bndbox><xmin>1625</xmin><ymin>2423</ymin><xmax>1636</xmax><ymax>2436</ymax></bndbox></object><object><name>flower</name><pose>Unspecified</pose><truncated>0</truncated><difficult>0</difficult><bndbox><xmin>1694</xmin><ymin>2246</ymin><xmax>1708</xmax><ymax>2266</ymax></bndbox></object><object><name>flower</name><pose>Unspecified</pose><truncated>0</truncated><difficult>0</difficult><bndbox><xmin>1443</xmin><ymin>1417</ymin><xmax>1460</xmax><ymax>1434</ymax></bndbox></object><object><name>flower</name><pose>Unspecified</pose><truncated>0</truncated><difficult>0</difficult><bndbox><xmin>1594</xmin><ymin>2715</ymin><xmax>1610</xmax><ymax>2727</ymax></bndbox></object><object><name>flower</name><pose>Unspecified</pose><truncated>0</truncated><difficult>0</difficult><bndbox><xmin>1450</xmin><ymin>2679</ymin><xmax>1469</xmax><ymax>2702</ymax></bndbox></object><object><name>flower</name><pose>Unspecified</pose><truncated>0</truncated><difficult>0</difficult><bndbox><xmin>1453</xmin><ymin>2729</ymin><xmax>1467</xmax><ymax>2747</ymax></bndbox></object><object><name>flower</name><pose>Unspecified</pose><truncated>0</truncated><difficult>0</difficult><bndbox><xmin>1441</xmin><ymin>2808</ymin><xmax>1461</xmax><ymax>2835</ymax></bndbox></object><object><name>flower</name><pose>Unspecified</pose><truncated>0</truncated><difficult>0</difficult><bndbox><xmin>1486</xmin><ymin>3369</ymin><xmax>1502</xmax><ymax>3386</ymax></bndbox></object><object><name>cocoa_pod</name><pose>Unspecified</pose><truncated>0</truncated><difficult>0</difficult><bndbox><xmin>1465</xmin><ymin>3370</ymin><xmax>1492</xmax><ymax>3390</ymax></bndbox></object><object><name>flower</name><pose>Unspecified</pose><truncated>0</truncated><difficult>0</difficult><bndbox><xmin>1483</xmin><ymin>2571</ymin><xmax>1496</xmax><ymax>2588</ymax></bndbox></object></annotation>