<?xml version='1.0' encoding='utf-8'?>
<annotation>
	<folder>Data</folder>
	<filename>6-1_aug2.jpg</filename>
	<path>/content/drive/MyDrive/deeplearning/Assignment/augmented_data/images/6-1_aug2.jpg</path>
	<source>
		<database>Unknown</database>
	</source>
	<size>
		<width>3120</width>
		<height>4160</height>
		<depth>3</depth>
	</size>
	<segmented>0</segmented>
	<object><name>flower</name><pose>Unspecified</pose><truncated>0</truncated><difficult>0</difficult><bndbox><xmin>1547</xmin><ymin>2451</ymin><xmax>1558</xmax><ymax>2466</ymax></bndbox></object><object><name>flower</name><pose>Unspecified</pose><truncated>0</truncated><difficult>0</difficult><bndbox><xmin>1654</xmin><ymin>2375</ymin><xmax>1668</xmax><ymax>2393</ymax></bndbox></object><object><name>flower</name><pose>Unspecified</pose><truncated>0</truncated><difficult>0</difficult><bndbox><xmin>1587</xmin><ymin>2270</ymin><xmax>1598</xmax><ymax>2289</ymax></bndbox></object><object><name>flower</name><pose>Unspecified</pose><truncated>0</truncated><difficult>0</difficult><bndbox><xmin>1771</xmin><ymin>2194</ymin><xmax>1788</xmax><ymax>2209</ymax></bndbox></object><object><name>flower</name><pose>Unspecified</pose><truncated>0</truncated><difficult>0</difficult><bndbox><xmin>1886</xmin><ymin>2250</ymin><xmax>1898</xmax><ymax>2267</ymax></bndbox></object><object><name>flower</name><pose>Unspecified</pose><truncated>0</truncated><difficult>0</difficult><bndbox><xmin>1898</xmin><ymin>2281</ymin><xmax>1909</xmax><ymax>2301</ymax></bndbox></object><object><name>flower</name><pose>Unspecified</pose><truncated>0</truncated><difficult>0</difficult><bndbox><xmin>1929</xmin><ymin>2288</ymin><xmax>1943</xmax><ymax>2306</ymax></bndbox></object><object><name>flower</name><pose>Unspecified</pose><truncated>0</truncated><difficult>0</difficult><bndbox><xmin>2243</xmin><ymin>2141</ymin><xmax>2256</xmax><ymax>2161</ymax></bndbox></object><object><name>flower</name><pose>Unspecified</pose><truncated>0</truncated><difficult>0</difficult><bndbox><xmin>1604</xmin><ymin>2434</ymin><xmax>1617</xmax><ymax>2447</ymax></bndbox></object><object><name>flower</name><pose>Unspecified</pose><truncated>0</truncated><difficult>0</difficult><bndbox><xmin>1706</xmin><ymin>2199</ymin><xmax>1723</xmax><ymax>2217</ymax></bndbox></object><object><name>flower</name><pose>Unspecified</pose><truncated>0</truncated><difficult>0</difficult><bndbox><xmin>1262</xmin><ymin>1753</ymin><xmax>1275</xmax><ymax>1777</ymax></bndbox></object><object><name>flower</name><pose>Unspecified</pose><truncated>0</truncated><difficult>0</difficult><bndbox><xmin>1074</xmin><ymin>2562</ymin><xmax>1087</xmax><ymax>2577</ymax></bndbox></object><object><name>flower</name><pose>Unspecified</pose><truncated>0</truncated><difficult>0</difficult><bndbox><xmin>1144</xmin><ymin>3257</ymin><xmax>1166</xmax><ymax>3281</ymax></bndbox></object><object><name>flower</name><pose>Unspecified</pose><truncated>0</truncated><difficult>0</difficult><bndbox><xmin>1404</xmin><ymin>2566</ymin><xmax>1416</xmax><ymax>2577</ymax></bndbox></object><object><name>flower</name><pose>Unspecified</pose><truncated>0</truncated><difficult>0</difficult><bndbox><xmin>1256</xmin><ymin>2462</ymin><xmax>1268</xmax><ymax>2482</ymax></bndbox></object><object><name>flower</name><pose>Unspecified</pose><truncated>0</truncated><difficult>0</difficult><bndbox><xmin>1368</xmin><ymin>1533</ymin><xmax>1383</xmax><ymax>1549</ymax></bndbox></object><object><name>flower</name><pose>Unspecified</pose><truncated>0</truncated><difficult>0</difficult><bndbox><xmin>1432</xmin><ymin>2946</ymin><xmax>1447</xmax><ymax>2957</ymax></bndbox></object><object><name>flower</name><pose>Unspecified</pose><truncated>0</truncated><difficult>0</difficult><bndbox><xmin>1571</xmin><ymin>2882</ymin><xmax>1587</xmax><ymax>2905</ymax></bndbox></object><object><name>flower</name><pose>Unspecified</pose><truncated>0</truncated><difficult>0</difficult><bndbox><xmin>1580</xmin><ymin>2936</ymin><xmax>1592</xmax><ymax>2953</ymax></bndbox></object><object><name>flower</name><pose>Unspecified</pose><truncated>0</truncated><difficult>0</difficult><bndbox><xmin>1601</xmin><ymin>3018</ymin><xmax>1617</xmax><ymax>3045</ymax></bndbox></object><object><name>flower</name><pose>Unspecified</pose><truncated>0</truncated><difficult>0</difficult><bndbox><xmin>1652</xmin><ymin>3625</ymin><xmax>1665</xmax><ymax>3641</ymax></bndbox></object><object><name>cocoa_pod</name><pose>Unspecified</pose><truncated>0</truncated><difficult>0</difficult><bndbox><xmin>1662</xmin><ymin>3625</ymin><xmax>1688</xmax><ymax>3642</ymax></bndbox></object><object><name>flower</name><pose>Unspecified</pose><truncated>0</truncated><difficult>0</difficult><bndbox><xmin>1524</xmin><ymin>2771</ymin><xmax>1535</xmax><ymax>2789</ymax></bndbox></object></annotation>