<?xml version='1.0' encoding='utf-8'?>
<annotation>
	<folder>Data</folder>
	<filename>6-2_aug1.jpg</filename>
	<path>/content/drive/MyDrive/deeplearning/Assignment/augmented_data/images/6-2_aug1.jpg</path>
	<source>
		<database>Unknown</database>
	</source>
	<size>
		<width>3120</width>
		<height>4160</height>
		<depth>3</depth>
	</size>
	<segmented>0</segmented>
	<object><name>flower</name><pose>Unspecified</pose><truncated>0</truncated><difficult>0</difficult><bndbox><xmin>2311</xmin><ymin>3862</ymin><xmax>2346</xmax><ymax>3887</ymax></bndbox></object><object><name>flower</name><pose>Unspecified</pose><truncated>0</truncated><difficult>0</difficult><bndbox><xmin>2106</xmin><ymin>3094</ymin><xmax>2121</xmax><ymax>3125</ymax></bndbox></object><object><name>flower</name><pose>Unspecified</pose><truncated>0</truncated><difficult>0</difficult><bndbox><xmin>2001</xmin><ymin>3354</ymin><xmax>2016</xmax><ymax>3369</ymax></bndbox></object><object><name>flower</name><pose>Unspecified</pose><truncated>0</truncated><difficult>0</difficult><bndbox><xmin>1889</xmin><ymin>3658</ymin><xmax>1903</xmax><ymax>3682</ymax></bndbox></object><object><name>flower</name><pose>Unspecified</pose><truncated>0</truncated><difficult>0</difficult><bndbox><xmin>1884</xmin><ymin>2668</ymin><xmax>1905</xmax><ymax>2690</ymax></bndbox></object><object><name>flower</name><pose>Unspecified</pose><truncated>0</truncated><difficult>0</difficult><bndbox><xmin>1862</xmin><ymin>2525</ymin><xmax>1888</xmax><ymax>2554</ymax></bndbox></object><object><name>cocoa_pod</name><pose>Unspecified</pose><truncated>0</truncated><difficult>0</difficult><bndbox><xmin>1893</xmin><ymin>2747</ymin><xmax>2021</xmax><ymax>2897</ymax></bndbox></object><object><name>cocoa_pod</name><pose>Unspecified</pose><truncated>0</truncated><difficult>0</difficult><bndbox><xmin>1690</xmin><ymin>2139</ymin><xmax>1832</xmax><ymax>2322</ymax></bndbox></object><object><name>flower</name><pose>Unspecified</pose><truncated>0</truncated><difficult>0</difficult><bndbox><xmin>1916</xmin><ymin>2225</ymin><xmax>1941</xmax><ymax>2252</ymax></bndbox></object><object><name>flower</name><pose>Unspecified</pose><truncated>0</truncated><difficult>0</difficult><bndbox><xmin>1963</xmin><ymin>2139</ymin><xmax>1984</xmax><ymax>2161</ymax></bndbox></object><object><name>flower</name><pose>Unspecified</pose><truncated>0</truncated><difficult>0</difficult><bndbox><xmin>2091</xmin><ymin>2248</ymin><xmax>2106</xmax><ymax>2267</ymax></bndbox></object><object><name>flower</name><pose>Unspecified</pose><truncated>0</truncated><difficult>0</difficult><bndbox><xmin>1745</xmin><ymin>1713</ymin><xmax>1781</xmax><ymax>1762</ymax></bndbox></object><object><name>flower</name><pose>Unspecified</pose><truncated>0</truncated><difficult>0</difficult><bndbox><xmin>1761</xmin><ymin>1776</ymin><xmax>1781</xmax><ymax>1793</ymax></bndbox></object><object><name>flower</name><pose>Unspecified</pose><truncated>0</truncated><difficult>0</difficult><bndbox><xmin>1692</xmin><ymin>1834</ymin><xmax>1727</xmax><ymax>1865</ymax></bndbox></object><object><name>flower</name><pose>Unspecified</pose><truncated>0</truncated><difficult>0</difficult><bndbox><xmin>1606</xmin><ymin>1965</ymin><xmax>1622</xmax><ymax>1982</ymax></bndbox></object><object><name>flower</name><pose>Unspecified</pose><truncated>0</truncated><difficult>0</difficult><bndbox><xmin>1553</xmin><ymin>2101</ymin><xmax>1575</xmax><ymax>2120</ymax></bndbox></object><object><name>flower</name><pose>Unspecified</pose><truncated>0</truncated><difficult>0</difficult><bndbox><xmin>2215</xmin><ymin>1501</ymin><xmax>2250</xmax><ymax>1534</ymax></bndbox></object><object><name>flower</name><pose>Unspecified</pose><truncated>0</truncated><difficult>0</difficult><bndbox><xmin>2122</xmin><ymin>1448</ymin><xmax>2148</xmax><ymax>1474</ymax></bndbox></object><object><name>flower</name><pose>Unspecified</pose><truncated>0</truncated><difficult>0</difficult><bndbox><xmin>2042</xmin><ymin>1474</ymin><xmax>2072</xmax><ymax>1505</ymax></bndbox></object><object><name>flower</name><pose>Unspecified</pose><truncated>0</truncated><difficult>0</difficult><bndbox><xmin>2042</xmin><ymin>1402</ymin><xmax>2057</xmax><ymax>1432</ymax></bndbox></object><object><name>flower</name><pose>Unspecified</pose><truncated>0</truncated><difficult>0</difficult><bndbox><xmin>1910</xmin><ymin>1320</ymin><xmax>1926</xmax><ymax>1350</ymax></bndbox></object><object><name>flower</name><pose>Unspecified</pose><truncated>0</truncated><difficult>0</difficult><bndbox><xmin>1866</xmin><ymin>1453</ymin><xmax>1883</xmax><ymax>1475</ymax></bndbox></object><object><name>flower</name><pose>Unspecified</pose><truncated>0</truncated><difficult>0</difficult><bndbox><xmin>2045</xmin><ymin>1638</ymin><xmax>2056</xmax><ymax>1665</ymax></bndbox></object><object><name>flower</name><pose>Unspecified</pose><truncated>0</truncated><difficult>0</difficult><bndbox><xmin>2094</xmin><ymin>1078</ymin><xmax>2110</xmax><ymax>1099</ymax></bndbox></object><object><name>flower</name><pose>Unspecified</pose><truncated>0</truncated><difficult>0</difficult><bndbox><xmin>1602</xmin><ymin>1987</ymin><xmax>1614</xmax><ymax>2016</ymax></bndbox></object><object><name>flower</name><pose>Unspecified</pose><truncated>0</truncated><difficult>0</difficult><bndbox><xmin>1485</xmin><ymin>2117</ymin><xmax>1505</xmax><ymax>2154</ymax></bndbox></object><object><name>flower</name><pose>Unspecified</pose><truncated>0</truncated><difficult>0</difficult><bndbox><xmin>1397</xmin><ymin>2082</ymin><xmax>1416</xmax><ymax>2134</ymax></bndbox></object><object><name>flower</name><pose>Unspecified</pose><truncated>0</truncated><difficult>0</difficult><bndbox><xmin>1429</xmin><ymin>2184</ymin><xmax>1445</xmax><ymax>2220</ymax></bndbox></object><object><name>flower</name><pose>Unspecified</pose><truncated>0</truncated><difficult>0</difficult><bndbox><xmin>1463</xmin><ymin>2170</ymin><xmax>1483</xmax><ymax>2186</ymax></bndbox></object><object><name>flower</name><pose>Unspecified</pose><truncated>0</truncated><difficult>0</difficult><bndbox><xmin>1221</xmin><ymin>2118</ymin><xmax>1239</xmax><ymax>2139</ymax></bndbox></object><object><name>flower</name><pose>Unspecified</pose><truncated>0</truncated><difficult>0</difficult><bndbox><xmin>1293</xmin><ymin>2186</ymin><xmax>1312</xmax><ymax>2210</ymax></bndbox></object><object><name>flower</name><pose>Unspecified</pose><truncated>0</truncated><difficult>0</difficult><bndbox><xmin>1270</xmin><ymin>2173</ymin><xmax>1286</xmax><ymax>2205</ymax></bndbox></object><object><name>flower</name><pose>Unspecified</pose><truncated>0</truncated><difficult>0</difficult><bndbox><xmin>1112</xmin><ymin>2080</ymin><xmax>1123</xmax><ymax>2096</ymax></bndbox></object><object><name>flower</name><pose>Unspecified</pose><truncated>0</truncated><difficult>0</difficult><bndbox><xmin>902</xmin><ymin>2129</ymin><xmax>920</xmax><ymax>2152</ymax></bndbox></object><object><name>flower</name><pose>Unspecified</pose><truncated>0</truncated><difficult>0</difficult><bndbox><xmin>690</xmin><ymin>2038</ymin><xmax>714</xmax><ymax>2081</ymax></bndbox></object><object><name>flower</name><pose>Unspecified</pose><truncated>0</truncated><difficult>0</difficult><bndbox><xmin>1647</xmin><ymin>1987</ymin><xmax>1659</xmax><ymax>2029</ymax></bndbox></object><object><name>flower</name><pose>Unspecified</pose><truncated>0</truncated><difficult>0</difficult><bndbox><xmin>2392</xmin><ymin>3522</ymin><xmax>2408</xmax><ymax>3542</ymax></bndbox></object><object><name>flower</name><pose>Unspecified</pose><truncated>0</truncated><difficult>0</difficult><bndbox><xmin>2100</xmin><ymin>3586</ymin><xmax>2113</xmax><ymax>3612</ymax></bndbox></object><object><name>flower</name><pose>Unspecified</pose><truncated>0</truncated><difficult>0</difficult><bndbox><xmin>2067</xmin><ymin>3542</ymin><xmax>2092</xmax><ymax>3587</ymax></bndbox></object><object><name>flower</name><pose>Unspecified</pose><truncated>0</truncated><difficult>0</difficult><bndbox><xmin>2038</xmin><ymin>926</ymin><xmax>2055</xmax><ymax>950</ymax></bndbox></object><object><name>flower</name><pose>Unspecified</pose><truncated>0</truncated><difficult>0</difficult><bndbox><xmin>2111</xmin><ymin>1994</ymin><xmax>2129</xmax><ymax>2029</ymax></bndbox></object><object><name>flower</name><pose>Unspecified</pose><truncated>0</truncated><difficult>0</difficult><bndbox><xmin>1899</xmin><ymin>2165</ymin><xmax>1916</xmax><ymax>2181</ymax></bndbox></object></annotation>